96.8549,76.0439,68.7198,65.6853,60.6236,57.4548,54.6289,54.6222,51.9159,51.2447,50.0828,50.0965,49.0111,48.6797,47.8907,47.4354,47.3891,47.3392,46.5287,46.4608,46.2846,46.1847,46.0226,45.744,45.5596,45.483,45.4309,45.3363,45.1007,45.1248,45.0856,44.9756,45.0575,44.9388,44.757,44.6608,44.7633,44.7759,44.6825,44.6876,44.5434,44.4408,44.5616,44.5864,44.5476,44.4768,44.543,44.559,44.4541,44.4438,44.4365,44.4863,44.4838,44.4831,44.4839,44.4857,44.5006,44.461,44.5323,44.5223,44.4087,44.3792,44.3952,44.4119,44.3305,44.2674,44.305,44.2953,44.2636,44.2114,44.1588,44.1802,44.1297,44.167,44.1696,44.1333,44.1523,44.1165,44.083,44.0091,44.0292,43.9809,43.9792,43.9767,43.9584,43.9634,43.9022,43.8546,43.8867,43.8651,43.8211,43.809,43.7949,43.7555,43.7636,43.7613,43.7882,43.8264,43.8229,43.7998,43.7951,43.8368,43.7798,43.7683,43.7451,43.7353,43.753,43.7238,43.7157,43.7195,43.6644,43.6113,43.603,43.5741,43.5992,43.622,43.5971,43.6031,43.624,43.5941,43.5741,43.5538,43.5666,43.5974,43.6327,43.6202,43.6,43.6123,43.5993,43.607,43.6117,43.5758,43.581,43.5711,43.5619,43.5541,43.5921,43.6184,43.5965,43.5649,43.5532,43.5361,43.5277,43.5443,43.5147,43.498,43.4864,43.488,43.4921,43.473,43.486,43.485,43.4864,43.4934,43.5108,43.4996,43.5119,43.4939,43.4846,43.4723,43.4883,43.4457,43.4654,43.4658,43.4815,43.4637,43.4648,43.4616,43.4792,43.4913,43.4938,43.4751,43.4685,43.4847,43.4925,43.4839,43.4569,43.4804,43.471,43.4655,43.462,43.4524,43.462,43.4354,43.4336,43.4289,43.4594,43.5092,43.4922,43.491,43.5006,43.4973,43.4978,43.4842,43.4792,43.4404,43.3956,43.3878,43.377,43.3908,43.3966,43.3838,43.3894,43.3798,43.3459,43.3417,43.3531,43.347,43.3595,43.3526,43.3478,43.3571,43.3632,43.3576,43.358,43.3504,43.335,43.336,43.3509,43.3484,43.3567,43.3569,43.3553,43.3386,43.3523,43.3569,43.3612,43.3784,43.3707,43.3681,43.3636,43.3565,43.353,43.3493,43.3421,43.3311,43.3389,43.3398,43.3309,43.3268,43.3343,43.3302,43.3171,43.3174,43.306,43.3078,43.3102,43.3223,43.3292,43.3343,43.3366,43.3352,43.3317,43.3291,43.3428,43.3535,43.3614,43.3733,43.3806,43.4045,43.4172,43.4099,43.4025,43.3995,43.3753,43.3742,43.3657,43.3706,43.3646,43.3716,43.3709,43.3921,43.3854,43.3903,43.3773,43.3805,43.3624,43.3662,43.376,43.368,43.3684,43.3665,43.3593,43.3595,43.3673,43.3658,43.359,43.364,43.3677,43.3749,43.3884,43.4032,43.4199,43.4109,43.4126,43.4234,43.4163,43.4182,43.4249,43.4213,43.4233,
96.8549,75.304,66.1275,59.0947,58.3082,55.9854,53.1071,52.1773,51.3747,49.2613,48.4338,48.269,47.1287,46.7546,46.7086,46.1205,45.8116,46.0181,45.8591,45.3065,45.3345,45.1653,44.9758,45.0589,44.9298,45.0946,45.0618,44.8302,44.7298,44.6152,44.6107,44.6235,44.7051,44.8486,44.8014,44.6306,44.5784,44.5157,44.4127,44.4024,44.3566,44.4099,44.3767,44.258,44.2542,44.3156,44.3976,44.3781,44.2833,44.2976,44.3524,44.3223,44.3496,44.2802,44.2814,44.2623,44.2186,44.2311,44.2625,44.2167,44.1753,44.1963,44.2271,44.2494,44.2271,44.1682,44.1673,44.164,44.0515,44.011,43.9793,43.9394,43.9214,43.913,43.92,43.9357,43.9419,43.9212,43.9849,43.9581,43.9974,43.9823,43.9984,44.0066,43.9598,43.9411,43.9277,43.9165,43.8482,43.8199,43.8377,43.8359,43.8316,43.836,43.8316,43.8316,43.8377,43.8373,43.8408,43.8816,43.8814,43.8934,43.8293,43.7997,43.7933,43.8202,43.795,43.7928,43.7952,43.7994,43.7777,43.787,43.7951,43.8016,43.8194,43.8183,43.7985,43.7803,43.7844,43.8112,43.8247,43.8378,43.8317,43.7886,43.8002,43.7949,43.7788,43.7917,43.7849,43.7637,43.7639,43.747,43.7504,43.7892,43.7957,43.811,43.7906,43.8022,43.8045,43.8252,43.7874,43.7931,43.7749,43.7649,43.7633,43.7616,43.7296,43.7275,43.7511,43.7747,43.76,43.7547,43.7239,43.7199,43.7262,43.734,43.7259,43.7415,43.7491,43.7579,43.7374,43.7326,43.7474,43.7381,43.711,43.719,43.6883,43.6975,43.6946,43.7178,43.7019,43.6872,43.6993,43.6842,43.6572,43.6694,43.6598,43.6746,43.6778,43.6686,43.6402,43.6516,43.6541,43.6508,43.6271,43.6185,43.603,43.6224,43.6229,43.6343,43.6178,43.6401,43.6315,43.6357,43.645,43.6543,43.6662,43.6599,43.6666,43.6666,43.6482,43.6549,43.6506,43.6566,43.6467,43.6457,43.6349,43.6275,43.6376,43.6614,43.6555,43.6524,43.639,43.6263,43.6411,43.6232,43.6163,43.6281,43.6039,43.6072,43.5943,43.6007,43.6104,43.6217,43.622,43.6243,43.6303,43.6061,43.5887,43.5963,43.5937,43.6033,43.5822,43.5788,43.5832,43.5805,43.5805,43.553,43.5551,43.5602,43.5733,43.5676,43.5636,43.5581,43.5456,43.547,43.5585,43.5422,43.5338,43.5428,43.525,43.5294,43.5307,43.5299,43.5033,43.5131,43.5185,43.5145,43.5038,43.4887,43.503,43.51,43.4856,43.4756,43.4871,43.4821,43.4844,43.4845,43.4885,43.4758,43.4504,43.4432,43.4541,43.4585,43.4805,43.4798,43.4715,43.4749,43.4576,43.4555,43.4414,43.4207,43.4143,43.4297,43.4372,43.4294,43.4396,43.4348,43.436,43.4345,43.429,43.4398,43.4439,43.4415,43.4386,43.402,43.4056,43.3984,43.4183,43.4215,43.4127,
96.8549,74.1452,63.9639,61.2721,55.9224,53.5814,50.8859,50.4423,49.3582,49.2213,49.3059,48.2105,47.9564,47.2266,47.0931,46.7754,46.6305,46.2263,45.9555,45.8379,45.6846,45.6632,45.5835,45.4466,45.3483,45.2363,45.0297,44.9332,44.7478,44.6278,44.4567,44.618,44.6796,44.6858,44.5776,44.5317,44.5058,44.4135,44.4373,44.423,44.6101,44.5561,44.4143,44.4324,44.4595,44.444,44.4351,44.3753,44.2952,44.3083,44.1941,44.187,44.1676,44.1256,44.1081,43.9562,43.9657,43.9501,43.952,43.9231,43.9021,43.8743,43.8385,43.9,43.8688,43.7999,43.8676,43.8489,43.7828,43.7957,43.8269,43.7578,43.7251,43.7384,43.8082,43.805,43.8261,43.8289,43.8698,43.8479,43.8481,43.8684,43.8549,43.8992,43.9133,43.8614,43.8361,43.7895,43.8165,43.811,43.8227,43.8641,43.8366,43.8169,43.865,43.8475,43.812,43.8083,43.7609,43.7685,43.8101,43.8273,43.7388,43.7308,43.7112,43.7169,43.7077,43.7195,43.7305,43.7347,43.7539,43.7543,43.7784,43.7599,43.7918,43.8088,43.7627,43.7477,43.7201,43.6893,43.7023,43.6952,43.6987,43.6803,43.6697,43.6679,43.6767,43.6724,43.6697,43.6211,43.647,43.6539,43.6617,43.6304,43.6455,43.6452,43.6627,43.6823,43.6826,43.6574,43.6595,43.6326,43.6259,43.6145,43.6279,43.631,43.6047,43.5912,43.6024,43.5863,43.6094,43.6094,43.6272,43.5965,43.5925,43.5924,43.5793,43.5822,43.5897,43.6003,43.5944,43.5791,43.5972,43.5789,43.5888,43.5959,43.5483,43.5268,43.5269,43.5125,43.5321,43.5404,43.548,43.5106,43.5243,43.5401,43.5248,43.5284,43.5238,43.5161,43.5273,43.5251,43.5315,43.5218,43.5279,43.5373,43.534,43.5324,43.5104,43.5036,43.4737,43.4681,43.4523,43.4637,43.4692,43.4687,43.4743,43.4872,43.4987,43.4883,43.5066,43.511,43.5136,43.4996,43.5147,43.5291,43.5292,43.5255,43.5096,43.5063,43.495,43.4915,43.483,43.4793,43.4421,43.4396,43.4546,43.4599,43.4774,43.4972,43.4976,43.5004,43.496,43.5188,43.527,43.5216,43.5224,43.5197,43.5002,43.5114,43.5143,43.521,43.5231,43.5254,43.5236,43.52,43.5225,43.5358,43.5042,43.5016,43.5035,43.5125,43.5026,43.5043,43.5038,43.4977,43.4881,43.4898,43.4974,43.5013,43.5072,43.5213,43.5277,43.5439,43.5341,43.527,43.5188,43.5138,43.4879,43.4931,43.4903,43.4835,43.4796,43.4963,43.5075,43.4923,43.4874,43.484,43.4804,43.4332,43.4462,43.4648,43.4718,43.4744,43.4823,43.4785,43.4802,43.497,43.485,43.4945,43.486,43.4845,43.4763,43.4733,43.4792,43.4739,43.4763,43.4703,43.4675,43.4575,43.4604,43.4627,43.4459,43.4269,43.4134,43.4159,43.412,43.4141,43.4098,43.4032,43.3929,
96.8549,78.3767,67.0198,59.8211,56.7087,54.5882,51.9589,51.47,50.6519,49.94,48.7816,48.128,47.431,47.2176,47.1662,46.8885,46.2681,45.9054,45.7864,45.6557,45.6184,45.5528,45.539,45.4758,45.3047,45.2594,44.9723,44.9674,44.8572,44.7558,44.8407,44.6636,44.67,44.7,44.5315,44.4819,44.5704,44.5524,44.4869,44.5541,44.5574,44.4119,44.3969,44.3975,44.3418,44.2802,44.3234,44.2421,44.2886,44.2356,44.1708,44.177,44.184,44.1362,44.0889,44.0497,43.9935,44.0261,43.9688,43.9896,43.9751,43.9508,43.9516,43.9247,43.8591,43.8966,43.8871,43.8946,43.9072,43.9133,43.9283,43.9163,43.9615,43.9785,43.9809,43.9616,43.9532,43.9689,43.9816,43.9982,44.0188,44.0281,43.9865,44.0315,44.0219,44.0065,44.0061,44.024,44.0125,43.993,43.9471,43.9006,43.8366,43.8373,43.8416,43.8227,43.8231,43.7552,43.7695,43.7143,43.7007,43.6931,43.7307,43.7815,43.7781,43.7968,43.7997,43.7998,43.8159,43.8178,43.8485,43.8514,43.8423,43.8531,43.8589,43.8513,43.8128,43.8339,43.8217,43.7897,43.7776,43.778,43.7861,43.7754,43.798,43.8042,43.8008,43.8307,43.8342,43.8046,43.8031,43.7853,43.7824,43.7796,43.8109,43.8293,43.8168,43.8412,43.8258,43.8037,43.8061,43.8312,43.8059,43.8154,43.8366,43.8286,43.8392,43.8258,43.8214,43.8169,43.8407,43.8205,43.8331,43.8176,43.8346,43.8049,43.8324,43.8571,43.8597,43.8418,43.8256,43.7982,43.8135,43.8209,43.8024,43.7918,43.7626,43.7693,43.7552,43.7389,43.7578,43.7297,43.7344,43.7109,43.7078,43.6862,43.6839,43.6572,43.6419,43.6339,43.6262,43.6305,43.6328,43.6317,43.6277,43.6085,43.6134,43.6031,43.6057,43.5978,43.5913,43.5956,43.5825,43.5735,43.5699,43.5563,43.5707,43.5551,43.5577,43.565,43.5715,43.5706,43.5729,43.6032,43.5987,43.5776,43.5822,43.5645,43.5735,43.5754,43.5931,43.5827,43.5754,43.5798,43.5891,43.607,43.5849,43.5875,43.5687,43.5674,43.5697,43.5806,43.571,43.5627,43.5554,43.5494,43.5679,43.5725,43.5618,43.5705,43.5806,43.5781,43.5729,43.5703,43.5591,43.5774,43.5736,43.59,43.5826,43.5705,43.5772,43.582,43.569,43.5768,43.5415,43.5392,43.5373,43.5433,43.5293,43.5127,43.5068,43.5157,43.5233,43.519,43.5022,43.5257,43.5376,43.5346,43.5478,43.5493,43.5438,43.5542,43.5364,43.5435,43.5423,43.5339,43.5353,43.5279,43.5249,43.5418,43.5249,43.5146,43.5156,43.5214,43.5116,43.518,43.5212,43.5306,43.5337,43.5371,43.544,43.529,43.5168,43.5156,43.5244,43.5117,43.5089,43.5022,43.5006,43.4889,43.482,43.4732,43.4782,43.4695,43.459,43.4717,43.4695,43.47,43.4736,43.4987,43.4953,
96.8549,85.5094,72.1689,69.3664,62.7077,56.9788,52.9156,50.6776,49.5495,49.1666,49.055,48.7075,48.2159,47.9852,47.791,47.4589,47.2436,47.2184,47.0476,46.965,46.7129,46.3221,46.1718,46.2025,45.9017,45.9329,45.9574,45.7577,45.3797,45.4054,45.212,45.1227,45.1463,45.068,45.1024,45.1018,45.0906,45.1002,45.061,45.0041,44.7871,44.6734,44.5342,44.5668,44.4934,44.433,44.394,44.3668,44.3092,44.2644,44.2577,44.2252,44.2224,44.1858,44.1619,44.1581,44.1909,44.1854,44.1417,44.1078,44.1452,44.1353,44.1145,44.1254,44.1693,44.2021,44.2279,44.1949,44.1479,44.1154,44.0952,44.0308,43.9733,43.9444,43.9609,43.9499,43.9587,43.8799,43.8336,43.843,43.8543,43.877,43.8291,43.8549,43.8707,43.8606,43.8918,43.8854,43.8912,43.9243,43.9484,43.9231,43.9238,43.9143,43.8552,43.8515,43.8678,43.8926,43.8907,43.8622,43.8068,43.8171,43.8059,43.7946,43.7514,43.7624,43.7741,43.783,43.7613,43.793,43.7874,43.8159,43.8049,43.7682,43.7695,43.7896,43.8278,43.8102,43.8017,43.7719,43.7207,43.7171,43.7166,43.7181,43.7146,43.7243,43.7055,43.6869,43.6911,43.644,43.6698,43.6375,43.6341,43.612,43.6254,43.5686,43.5656,43.5762,43.5717,43.566,43.5444,43.5253,43.5399,43.5297,43.525,43.5164,43.5172,43.5243,43.5227,43.536,43.5335,43.5307,43.5357,43.5425,43.5517,43.5678,43.5421,43.5768,43.5523,43.5763,43.5991,43.6005,43.6106,43.6206,43.6269,43.6344,43.6486,43.6677,43.6621,43.6307,43.6244,43.6203,43.6276,43.6203,43.6395,43.6337,43.6261,43.5903,43.5851,43.5945,43.6071,43.6081,43.6079,43.6073,43.6064,43.5964,43.5818,43.5866,43.5691,43.5645,43.5781,43.5782,43.5911,43.5952,43.601,43.6031,43.6089,43.6386,43.6251,43.6229,43.6309,43.6203,43.6158,43.6344,43.6283,43.6081,43.601,43.6075,43.6034,43.6012,43.5817,43.5882,43.5631,43.5715,43.5859,43.5633,43.558,43.5619,43.576,43.5539,43.5557,43.5614,43.5502,43.5373,43.5358,43.5285,43.5077,43.5069,43.5069,43.5263,43.5246,43.5097,43.4934,43.5145,43.502,43.5136,43.5229,43.5252,43.5537,43.5366,43.537,43.5277,43.5157,43.5022,43.4897,43.4676,43.4494,43.4501,43.4675,43.4609,43.4565,43.468,43.4692,43.4671,43.4659,43.4687,43.4876,43.4958,43.4907,43.4838,43.4803,43.4821,43.4874,43.4898,43.4991,43.5018,43.5131,43.5142,43.4971,43.4709,43.4668,43.4753,43.4813,43.4786,43.4816,43.4799,43.4752,43.4649,43.4572,43.4597,43.4626,43.4673,43.4747,43.4724,43.4981,43.5063,43.5226,43.5196,43.5285,43.5355,43.5424,43.5283,43.5313,43.5355,43.5379,43.5383,43.5305,43.5369,43.5401,43.5308,43.5504,
96.8549,80.2411,66.5092,60.694,55.4258,53.6121,52.0821,50.3849,49.3856,48.1001,47.4392,47.2848,46.982,47.0754,46.9722,46.9517,46.3162,46.1743,45.9287,45.9303,45.7424,45.9323,45.8287,45.6176,45.6195,45.4582,45.5135,45.5221,45.368,45.3541,45.211,45.2832,45.1746,45.1748,45.0434,45.0151,44.9875,44.929,44.8719,44.7771,44.6985,44.5805,44.4799,44.3625,44.3352,44.2759,44.2203,44.2456,44.1902,44.1773,44.2422,44.1937,44.1533,44.1347,44.105,44.0465,44.1198,44.0969,44.1078,44.2401,44.2089,44.1814,44.2721,44.2978,44.2971,44.2242,44.2038,44.169,44.1183,44.0758,44.0953,44.1048,44.1038,44.0436,43.9386,43.9161,43.8859,43.8792,43.8657,43.8777,43.8515,43.8607,43.8733,43.8752,43.8729,43.8675,43.7928,43.7895,43.7681,43.7745,43.7369,43.6974,43.6588,43.681,43.668,43.7078,43.7253,43.6831,43.7089,43.7216,43.772,43.7869,43.7793,43.7396,43.7305,43.7403,43.6872,43.6608,43.6873,43.6683,43.6782,43.6774,43.6848,43.7197,43.697,43.7246,43.7144,43.7191,43.7355,43.7527,43.8074,43.8187,43.817,43.809,43.8184,43.8129,43.7986,43.7913,43.7404,43.7336,43.733,43.7166,43.7144,43.698,43.6466,43.6282,43.6256,43.6096,43.6028,43.5826,43.5791,43.5695,43.5867,43.6124,43.6019,43.5952,43.6084,43.6135,43.6125,43.6094,43.6139,43.5967,43.5972,43.6015,43.613,43.6101,43.6211,43.595,43.6141,43.5891,43.5663,43.5773,43.5935,43.6087,43.638,43.624,43.6314,43.6377,43.618,43.6056,43.609,43.6,43.6038,43.5897,43.5892,43.6031,43.5872,43.5785,43.5946,43.6135,43.6059,43.6166,43.6244,43.6106,43.6058,43.5945,43.5895,43.5845,43.5913,43.5987,43.6069,43.6151,43.6246,43.6281,43.6192,43.6288,43.6402,43.6263,43.6403,43.6221,43.6297,43.6033,43.6253,43.6093,43.6083,43.606,43.6034,43.6104,43.5997,43.5919,43.5816,43.5489,43.5437,43.5643,43.5559,43.5533,43.543,43.548,43.5296,43.5324,43.5471,43.5447,43.5431,43.5553,43.5559,43.5655,43.5758,43.5882,43.5867,43.5865,43.5967,43.5728,43.5854,43.5752,43.5739,43.5575,43.5478,43.5476,43.5473,43.5591,43.5623,43.5387,43.5349,43.5356,43.5332,43.5337,43.5369,43.5377,43.5237,43.4961,43.4914,43.486,43.4912,43.4864,43.4732,43.4604,43.4625,43.4496,43.446,43.4407,43.4374,43.4251,43.4033,43.404,43.4217,43.3967,43.3805,43.4004,43.4126,43.4183,43.4167,43.4318,43.4305,43.4246,43.4326,43.4409,43.4555,43.4785,43.4813,43.4873,43.4822,43.4693,43.4673,43.4539,43.447,43.4465,43.4381,43.4449,43.421,43.4286,43.416,43.4135,43.4231,43.4216,43.4223,43.4274,43.4369,43.4634,43.4613,43.4676,43.4717,
96.8549,85.7375,72.7786,59.6326,55.3614,54.6032,52.7438,52.5195,50.0921,49.817,49.0489,48.6497,48.7315,47.9478,48.0144,47.5663,47.6284,47.0482,46.3538,46.2313,46.1871,46.1991,45.8983,45.899,45.9111,45.8816,45.7738,45.6176,45.4447,45.3434,45.3786,45.4619,45.2351,45.2447,45.2466,45.2446,45.2378,45.2095,45.2136,45.1286,45.0353,44.9849,44.8555,44.8283,44.8849,44.8321,44.7964,44.757,44.773,44.7238,44.6482,44.5825,44.6047,44.586,44.5186,44.4274,44.4158,44.4108,44.3612,44.2939,44.2484,44.2926,44.3167,44.3427,44.4023,44.3654,44.393,44.3808,44.3637,44.3576,44.3704,44.324,44.2835,44.3005,44.3565,44.3214,44.2856,44.3037,44.2906,44.3256,44.3225,44.3286,44.3528,44.3417,44.3159,44.2882,44.285,44.1953,44.1987,44.1671,44.1875,44.1924,44.1834,44.1143,44.1151,44.0752,44.1168,44.1102,44.1231,44.1365,44.1156,44.1293,44.1218,44.088,44.0727,44.0684,44.0458,44.0277,43.9924,44.0348,44.0355,44.0484,44.0496,44.0218,43.9889,43.9786,43.9947,44.0146,44.0129,44.0202,44.0259,44.049,44.0519,44.0537,44.045,44.0494,44.0584,44.0469,44.0312,44.0871,44.0742,44.088,44.0956,44.0807,44.0861,44.0955,44.0819,44.0847,44.1003,44.0929,44.0677,44.0707,44.053,44.033,44.0184,44.0049,44.0166,44.0034,43.9993,44.0075,43.993,43.979,43.9874,43.9886,44.0061,44.0031,44.0122,43.9879,44.0081,43.996,44.0181,43.9955,43.9835,43.9823,43.9693,43.9556,43.9631,43.9596,43.9612,43.9795,43.9778,43.9327,43.9268,43.9113,43.9046,43.9069,43.8924,43.8826,43.8811,43.9106,43.899,43.8878,43.8881,43.8911,43.9096,43.9083,43.917,43.921,43.9403,43.9185,43.9066,43.9098,43.9012,43.9132,43.8768,43.8954,43.8784,43.867,43.8912,43.8908,43.8938,43.9124,43.8985,43.9163,43.9069,43.9216,43.9016,43.899,43.9094,43.8721,43.8711,43.883,43.8697,43.8799,43.8843,43.8803,43.8846,43.8612,43.869,43.8471,43.8638,43.8525,43.8576,43.8745,43.8784,43.8865,43.9011,43.8927,43.8842,43.871,43.8535,43.8504,43.8353,43.8221,43.8273,43.8267,43.8138,43.7966,43.8051,43.8076,43.8143,43.8038,43.7933,43.8021,43.8058,43.7961,43.7838,43.7918,43.7966,43.7943,43.7994,43.8009,43.7927,43.7942,43.7838,43.7822,43.7784,43.755,43.7455,43.7545,43.7586,43.7609,43.7719,43.7811,43.771,43.7788,43.7816,43.7734,43.781,43.7677,43.7921,43.7891,43.7784,43.7839,43.7686,43.7753,43.7694,43.7702,43.7651,43.7434,43.7474,43.7564,43.7521,43.7517,43.7485,43.7508,43.755,43.7633,43.7443,43.7477,43.7399,43.7537,43.77,43.7633,43.7709,43.749,43.7474,43.7408,43.7456,43.7412,43.7345,
96.8549,79.0927,68.0225,64.2491,56.2493,53.7736,52.2702,51.0059,49.5903,48.7357,48.4691,48.4551,48.2681,47.8839,47.5961,47.4853,47.3331,47.133,46.9516,46.6971,46.4923,46.1999,45.9527,45.8818,46.0286,45.9516,45.6658,45.7292,45.7405,45.6279,45.5695,45.5592,45.4682,45.4369,45.3539,45.4122,45.5253,45.4597,45.3186,45.2467,45.1807,45.217,45.273,45.2055,45.1119,45.1204,45.0236,45.0096,44.9862,44.9364,44.8919,44.9013,44.8897,44.7555,44.7634,44.7094,44.6527,44.6385,44.5968,44.5454,44.4806,44.4467,44.4338,44.4797,44.4188,44.407,44.38,44.318,44.3252,44.2991,44.2616,44.2477,44.2262,44.2213,44.2264,44.2437,44.2662,44.2664,44.2325,44.2491,44.2268,44.2136,44.1855,44.236,44.162,44.1121,44.1078,44.0514,44.0199,44.0146,43.9633,43.9568,43.9399,43.9718,43.9334,43.9018,43.9067,43.9193,43.9335,43.9068,43.9512,43.9509,43.9305,43.9389,43.941,43.9471,43.9327,43.9358,43.9356,43.8918,43.8823,43.8414,43.8149,43.779,43.7608,43.7359,43.7483,43.7365,43.7463,43.7405,43.7417,43.6992,43.651,43.6428,43.657,43.6695,43.6817,43.6655,43.6397,43.6573,43.6534,43.6433,43.6587,43.6812,43.688,43.7092,43.706,43.6762,43.6722,43.6522,43.6433,43.6666,43.6671,43.6764,43.6676,43.6835,43.6728,43.7052,43.7297,43.737,43.7308,43.7334,43.7472,43.7269,43.7571,43.7529,43.7524,43.738,43.7689,43.7165,43.7232,43.721,43.7109,43.7007,43.6721,43.677,43.6984,43.6759,43.6654,43.7126,43.7063,43.7597,43.7615,43.7736,43.7861,43.7879,43.7804,43.7653,43.7404,43.7282,43.7264,43.7068,43.6811,43.6716,43.6809,43.6757,43.6714,43.6896,43.7108,43.6817,43.6769,43.7065,43.6957,43.6811,43.6694,43.6926,43.6891,43.6923,43.6865,43.7015,43.7009,43.6924,43.6883,43.6939,43.7013,43.6911,43.6831,43.6763,43.6572,43.652,43.666,43.671,43.6601,43.6633,43.651,43.6525,43.6752,43.6749,43.7014,43.6911,43.7073,43.707,43.6937,43.7035,43.6955,43.6813,43.6724,43.6832,43.6881,43.6874,43.6889,43.6945,43.6722,43.6635,43.6407,43.6485,43.6356,43.6392,43.6239,43.6175,43.6351,43.621,43.6299,43.6413,43.6371,43.6327,43.6427,43.6346,43.6156,43.6137,43.6114,43.6048,43.6155,43.6189,43.6143,43.6191,43.6221,43.623,43.6228,43.6223,43.6091,43.6095,43.6231,43.6241,43.629,43.6471,43.6542,43.6473,43.6632,43.6511,43.6559,43.6511,43.6294,43.6321,43.6393,43.6442,43.6352,43.6355,43.6419,43.6425,43.6347,43.6178,43.6273,43.6186,43.624,43.6116,43.6043,43.6009,43.6063,43.6017,43.5966,43.5956,43.5947,43.5858,43.5992,43.5988,43.6076,43.5711,43.5592,43.5581,43.5662,
96.8549,77.1805,65.9517,60.372,57.2664,53.6304,51.9963,50.9816,50.1464,49.0688,49.2236,48.6213,48.0086,47.6951,47.4573,47.5332,47.4553,47.1156,47.0583,46.7643,46.7296,46.5986,46.4938,46.5136,46.344,46.2161,46.0613,45.9873,45.8141,45.6816,45.5239,45.4423,45.5644,45.6054,45.6313,45.5893,45.471,45.4117,45.374,45.3129,45.2692,45.2327,45.1966,45.2183,45.2865,45.2821,45.2261,45.2001,45.1779,45.144,45.0611,45.014,45.0294,45.0279,44.986,44.9637,44.9552,44.9277,44.923,44.9243,44.8724,44.8931,44.8711,44.8268,44.8324,44.7221,44.7154,44.6215,44.6073,44.6043,44.5719,44.4788,44.4427,44.4378,44.4262,44.4833,44.5116,44.496,44.4895,44.4501,44.4132,44.4328,44.3682,44.3505,44.374,44.3674,44.3246,44.3264,44.3735,44.4003,44.3538,44.3009,44.2698,44.2327,44.1938,44.2262,44.2087,44.2059,44.1727,44.147,44.1691,44.1964,44.1444,44.165,44.1369,44.1415,44.1382,44.1542,44.1564,44.133,44.1671,44.1341,44.1615,44.142,44.1352,44.1605,44.1616,44.1416,44.1163,44.0921,44.0763,44.053,44.0106,44.0043,43.9804,43.938,43.9391,43.936,43.9227,43.9069,43.8765,43.8765,43.8578,43.8666,43.8784,43.8872,43.8931,43.8486,43.8286,43.8115,43.7802,43.7435,43.7145,43.734,43.6983,43.6859,43.6811,43.6622,43.6626,43.667,43.6902,43.717,43.7291,43.7373,43.744,43.7531,43.7375,43.7423,43.7438,43.7618,43.7625,43.7707,43.7845,43.7908,43.793,43.7973,43.7978,43.8068,43.8148,43.7979,43.8007,43.7988,43.8276,43.8204,43.808,43.7898,43.8032,43.8007,43.7772,43.7786,43.7736,43.7676,43.7626,43.7754,43.7548,43.7298,43.7351,43.7362,43.7306,43.7412,43.727,43.7342,43.7483,43.7353,43.7381,43.7394,43.7534,43.7629,43.7702,43.7578,43.7356,43.7299,43.7192,43.7202,43.7338,43.712,43.7132,43.7098,43.7201,43.719,43.722,43.7091,43.6984,43.7093,43.721,43.716,43.7156,43.7395,43.7507,43.7605,43.7587,43.7681,43.7848,43.788,43.798,43.7927,43.7938,43.7902,43.8023,43.7902,43.7944,43.8084,43.8058,43.827,43.8291,43.8215,43.8368,43.8445,43.8502,43.8584,43.8721,43.8817,43.8647,43.8737,43.8779,43.8849,43.8708,43.8557,43.8367,43.8494,43.8587,43.8631,43.8445,43.8526,43.8382,43.8549,43.8674,43.8608,43.8559,43.8401,43.8404,43.8513,43.8434,43.8582,43.8554,43.8547,43.8424,43.8323,43.8325,43.8209,43.8052,43.8119,43.8185,43.8117,43.8061,43.806,43.8309,43.8356,43.8481,43.8747,43.8922,43.8776,43.8834,43.8795,43.8791,43.8736,43.8704,43.8738,43.8902,43.8859,43.8785,43.8764,43.8855,43.8715,43.8587,43.8622,43.8629,43.8684,43.8636,43.8438,43.829,
96.8549,78.0992,67.3943,60.0396,56.4046,55.0257,53.6475,52.4141,51.8913,50.7516,49.9515,49.6628,47.7846,47.7909,47.6884,47.3215,47.3468,47.3746,47.238,46.8442,46.1176,46.0261,46.0703,45.9722,45.9717,45.9956,45.9706,45.8694,45.669,45.7123,45.7063,45.5512,45.3682,45.2956,45.3926,45.2497,45.1383,45.07,45.0718,44.9214,44.8686,44.9367,44.8661,44.9004,44.8273,44.8968,44.8505,44.9095,44.9428,44.904,44.8982,44.9004,44.8933,44.7953,44.7129,44.699,44.7621,44.7387,44.6519,44.6598,44.6493,44.6087,44.5455,44.5486,44.4985,44.4605,44.4179,44.4317,44.4549,44.4504,44.4444,44.3845,44.4059,44.3769,44.3865,44.373,44.3616,44.3672,44.4171,44.3915,44.4275,44.4281,44.3644,44.3269,44.3076,44.3053,44.3462,44.2727,44.2593,44.2363,44.2087,44.1835,44.1949,44.2054,44.1941,44.192,44.1874,44.1795,44.1723,44.1581,44.207,44.2091,44.1675,44.1799,44.1571,44.1513,44.1354,44.1309,44.1458,44.1545,44.1815,44.176,44.1482,44.1624,44.2101,44.2127,44.2217,44.2176,44.2107,44.2161,44.2292,44.2368,44.2263,44.1813,44.2016,44.1612,44.1663,44.1674,44.1727,44.1475,44.146,44.1335,44.1272,44.1324,44.1048,44.087,44.0886,44.0974,44.099,44.0947,44.0915,44.0933,44.098,44.1059,44.0851,44.0778,44.0867,44.0677,44.0684,44.0502,44.0392,44.0151,44.0179,44.0406,44.0142,44.0088,44.0095,44.0002,43.9856,43.97,43.936,43.9029,43.8783,43.8742,43.8667,43.8643,43.8855,43.8741,43.846,43.8567,43.8532,43.8576,43.8884,43.9088,43.9058,43.9117,43.9044,43.9025,43.8741,43.8699,43.8604,43.8315,43.8466,43.8577,43.8564,43.8552,43.8478,43.8508,43.8224,43.8319,43.8427,43.8408,43.844,43.8359,43.8527,43.8148,43.7599,43.7762,43.7659,43.7688,43.776,43.7644,43.7343,43.7341,43.7357,43.7378,43.7298,43.7421,43.7461,43.7441,43.7552,43.7287,43.7393,43.7333,43.7307,43.7313,43.7383,43.7379,43.7289,43.7217,43.7261,43.7318,43.7211,43.7241,43.7124,43.6872,43.6917,43.6886,43.6896,43.6966,43.6968,43.6813,43.6904,43.7016,43.687,43.6958,43.6796,43.6793,43.6785,43.6733,43.6857,43.6869,43.6869,43.6686,43.6672,43.6641,43.667,43.6692,43.6714,43.6844,43.6864,43.6735,43.6836,43.6869,43.6941,43.693,43.7009,43.7071,43.7012,43.7026,43.7056,43.7044,43.6883,43.6889,43.6901,43.698,43.7211,43.722,43.7379,43.7315,43.7384,43.732,43.7231,43.7272,43.7327,43.7455,43.7398,43.731,43.7302,43.7211,43.7288,43.7331,43.7323,43.7237,43.71,43.7269,43.7142,43.7114,43.708,43.7077,43.7193,43.7161,43.7353,43.7234,43.7092,43.7072,43.7117,43.7257,43.7098,43.7212,43.7304,
96.8549,80.1952,66.631,62.1788,59.6064,56.9687,54.6899,53.0525,51.6887,50.619,49.0016,48.9127,48.3274,47.9323,47.5408,47.3789,47.1936,46.985,46.7996,46.5649,45.9861,46.0252,45.8155,45.6523,45.4981,45.4872,45.2944,45.0789,44.8811,44.8361,44.8988,44.9178,44.8241,44.721,44.7747,44.7426,44.6757,44.7251,44.6512,44.6408,44.5892,44.4651,44.5145,44.5373,44.5466,44.6267,44.602,44.5912,44.6149,44.5497,44.5338,44.5351,44.4905,44.4788,44.4565,44.4435,44.43,44.4041,44.3796,44.4037,44.3792,44.3542,44.319,44.3506,44.3089,44.3495,44.3244,44.2508,44.2763,44.3129,44.308,44.2701,44.3014,44.2776,44.307,44.2761,44.2583,44.2271,44.2342,44.2201,44.2622,44.2619,44.2986,44.245,44.2499,44.2413,44.2298,44.2493,44.2535,44.2174,44.2009,44.1755,44.1498,44.1603,44.1285,44.1286,44.0892,44.0864,44.0596,44.0813,44.0896,44.0831,44.0873,44.087,44.0771,44.029,44.0666,44.0383,44.0013,44.0257,44.0079,44.0297,44.0135,44.0083,43.9756,43.9677,43.9505,43.905,43.9296,43.92,43.9059,43.9087,43.8746,43.8709,43.8789,43.817,43.7953,43.7922,43.8321,43.7998,43.8177,43.8323,43.8401,43.8762,43.857,43.8613,43.8838,43.871,43.8695,43.8456,43.855,43.8571,43.864,43.868,43.8778,43.8811,43.891,43.8751,43.8974,43.8908,43.8732,43.8683,43.8725,43.862,43.8491,43.8171,43.813,43.7974,43.7815,43.7965,43.7774,43.7814,43.8038,43.8067,43.782,43.7918,43.7986,43.8038,43.8088,43.7898,43.7943,43.7719,43.7827,43.7595,43.7387,43.7454,43.7356,43.723,43.7337,43.7203,43.7366,43.7515,43.7333,43.7212,43.7154,43.6985,43.7161,43.721,43.7312,43.7232,43.7532,43.7259,43.6632,43.6749,43.6814,43.6513,43.659,43.661,43.6576,43.6616,43.6652,43.6601,43.6757,43.6659,43.6556,43.6481,43.6464,43.6338,43.6263,43.6279,43.6347,43.6308,43.6118,43.617,43.6113,43.6189,43.6195,43.6231,43.6296,43.6234,43.6167,43.602,43.6074,43.612,43.6074,43.6205,43.6285,43.6279,43.6404,43.6223,43.615,43.6121,43.6106,43.6109,43.6264,43.6334,43.6335,43.6502,43.6434,43.6183,43.6093,43.5962,43.5943,43.5945,43.5932,43.5825,43.5726,43.5877,43.5933,43.5821,43.5815,43.5936,43.5935,43.5893,43.6034,43.6112,43.6057,43.6219,43.6124,43.5975,43.5978,43.5937,43.5942,43.5774,43.5826,43.5904,43.6052,43.6115,43.6146,43.6104,43.6392,43.6388,43.6269,43.6371,43.6413,43.6293,43.6336,43.6381,43.6585,43.6714,43.6663,43.6684,43.6682,43.6722,43.6781,43.6422,43.6552,43.646,43.6386,43.6335,43.6307,43.642,43.6555,43.6603,43.6536,43.6452,43.6457,43.6414,43.6408,43.642,43.6457,
96.8549,80.6612,69.2568,61.3882,60.4922,58.3537,56.985,56.4866,53.513,51.6365,49.7561,49.3102,49.2104,48.7833,48.2453,47.9111,47.4161,46.9558,46.6624,46.5279,46.5411,46.3626,46.2439,46.2069,45.8434,45.8954,45.8097,45.7585,45.7265,45.6594,45.5951,45.5077,45.4703,45.4986,45.4302,45.294,45.2368,45.0755,44.9736,44.9332,44.857,44.8197,44.8969,44.8907,44.879,44.8364,44.893,44.7604,44.7329,44.6924,44.6989,44.7546,44.7064,44.6977,44.6988,44.7321,44.775,44.7792,44.7948,44.7128,44.7101,44.6688,44.5956,44.5465,44.6041,44.5947,44.6109,44.6406,44.5323,44.5208,44.5286,44.5415,44.5514,44.5247,44.4902,44.4366,44.3376,44.3191,44.3452,44.3152,44.3141,44.3168,44.3034,44.2979,44.3064,44.2762,44.2671,44.2394,44.2415,44.2378,44.216,44.2254,44.2534,44.2963,44.3301,44.2759,44.2676,44.2713,44.2743,44.2714,44.2809,44.2932,44.2482,44.239,44.2599,44.2558,44.2018,44.1742,44.1669,44.1289,44.1031,44.1112,44.066,44.015,44.0254,44.0226,44.0208,44.0377,44.0146,43.9914,43.9867,43.9531,43.9277,43.9099,43.8712,43.8739,43.8497,43.8252,43.8272,43.8338,43.8067,43.7823,43.7616,43.7659,43.7765,43.8054,43.7827,43.7493,43.7183,43.7451,43.7163,43.6787,43.6524,43.6556,43.6869,43.6825,43.6784,43.7028,43.7116,43.6917,43.6811,43.6109,43.5996,43.6156,43.6264,43.6004,43.6047,43.6059,43.6179,43.6379,43.6279,43.6348,43.6275,43.6464,43.6615,43.6559,43.668,43.6595,43.6426,43.6706,43.6523,43.6569,43.6476,43.6486,43.6507,43.6423,43.6556,43.6617,43.6367,43.6157,43.6138,43.6221,43.6148,43.6406,43.6465,43.6366,43.6227,43.6279,43.659,43.6644,43.678,43.6892,43.6786,43.6553,43.6628,43.6793,43.6973,43.6901,43.6838,43.6476,43.6551,43.6404,43.6251,43.6228,43.6261,43.6471,43.6477,43.6661,43.6792,43.6725,43.6823,43.6854,43.682,43.681,43.6627,43.6494,43.6415,43.6335,43.6504,43.6508,43.6733,43.6721,43.6748,43.6873,43.6852,43.6747,43.6595,43.6705,43.6783,43.6675,43.663,43.6432,43.642,43.6511,43.6638,43.6661,43.6693,43.6714,43.6754,43.6636,43.6426,43.6518,43.642,43.6374,43.6413,43.6357,43.6324,43.6099,43.609,43.6182,43.6113,43.6079,43.6007,43.5924,43.595,43.5937,43.6097,43.6051,43.5979,43.5953,43.5984,43.6013,43.568,43.5522,43.5536,43.564,43.5684,43.5892,43.596,43.5815,43.57,43.5743,43.5757,43.5741,43.5723,43.5759,43.5707,43.5577,43.5486,43.5405,43.5303,43.5321,43.517,43.51,43.5176,43.5177,43.5261,43.5083,43.5077,43.5205,43.532,43.5244,43.517,43.5258,43.5278,43.515,43.5104,43.506,43.4941,43.5047,43.4983,
96.8549,76.3771,63.7961,60.5945,56.2153,55.0365,51.9741,50.6049,50.357,49.8733,49.359,49.3636,48.9875,48.2372,48.1347,48.1107,48.063,47.6151,47.4895,47.4122,47.5371,47.3564,47.1462,46.983,46.6502,46.4552,46.3383,46.4482,46.3828,46.2824,46.1965,46.077,45.992,45.9519,45.6513,45.7489,45.7085,45.6175,45.7114,45.7922,45.8575,45.8559,45.7915,45.8462,45.8214,45.8205,45.7547,45.6217,45.6243,45.5899,45.4394,45.2264,45.1752,45.1346,44.9952,44.9895,44.9534,44.9408,44.8998,44.8766,44.8835,44.8811,44.8905,44.8316,44.8221,44.8198,44.7596,44.7085,44.7403,44.7116,44.6959,44.6862,44.6583,44.585,44.6283,44.6347,44.6297,44.6407,44.6179,44.6365,44.6327,44.6014,44.5779,44.5636,44.5775,44.598,44.5728,44.5669,44.5625,44.5695,44.6158,44.6326,44.6241,44.6483,44.6068,44.6334,44.6023,44.597,44.5336,44.5215,44.5027,44.4941,44.4979,44.4519,44.4334,44.4133,44.3781,44.3325,44.3598,44.4066,44.4051,44.4041,44.4139,44.3608,44.3736,44.4057,44.3976,44.3922,44.3631,44.3644,44.372,44.3726,44.3196,44.2984,44.3083,44.3471,44.3294,44.3121,44.3024,44.3136,44.3108,44.2838,44.2504,44.2543,44.2297,44.2111,44.2204,44.2054,44.2243,44.197,44.1755,44.195,44.1741,44.1701,44.1737,44.193,44.1489,44.1697,44.1653,44.1705,44.1595,44.1518,44.1182,44.1276,44.1379,44.1305,44.147,44.1626,44.1349,44.1301,44.1256,44.1222,44.1404,44.1326,44.1203,44.1329,44.131,44.1324,44.1182,44.1233,44.0983,44.0895,44.0907,44.0956,44.0857,44.1015,44.115,44.0956,44.0752,44.0694,44.077,44.0751,44.0733,44.0849,44.0869,44.0848,44.075,44.0722,44.0709,44.0717,44.0687,44.0812,44.0885,44.101,44.0759,44.0655,44.049,44.0482,44.0412,44.0366,44.0391,44.0358,44.0281,44.0199,44.0115,44.0313,44.0221,44.0165,44.0097,44.0273,44.0504,44.0185,44.0104,44.0031,44.0012,43.9798,43.9735,43.9808,43.9838,43.9947,43.9869,43.9887,43.9768,43.9713,43.9548,43.9639,43.9423,43.9251,43.9228,43.9277,43.9374,43.9513,43.9304,43.9159,43.9299,43.9302,43.9206,43.9277,43.9217,43.9181,43.9257,43.9195,43.9183,43.9063,43.9032,43.9055,43.9047,43.9007,43.9002,43.9133,43.9136,43.9114,43.9152,43.9116,43.9102,43.9268,43.9179,43.8989,43.9012,43.9021,43.8865,43.887,43.9028,43.8897,43.8895,43.8943,43.9013,43.8989,43.8872,43.8882,43.8718,43.8771,43.89,43.8917,43.8792,43.8728,43.8617,43.8411,43.8326,43.8283,43.8205,43.8259,43.8346,43.8477,43.8458,43.8409,43.8359,43.8264,43.8417,43.8589,43.8743,43.8643,43.8564,43.8437,43.8329,43.8203,43.8232,43.8291,43.8275,43.8184,43.8171,
96.8549,74.4599,63.9202,59.931,56.4435,55.0442,52.4117,51.6009,50.8034,50.0443,49.6236,48.8651,48.4797,48.0024,47.6906,47.6786,47.4698,47.2041,46.6622,46.4749,46.3506,46.1859,46.0603,45.7827,45.8266,45.5716,45.6398,45.6362,45.3881,45.4379,45.5288,45.5466,45.2963,45.1888,45.1302,45.0511,44.9656,44.8776,44.7786,44.8703,44.9337,44.8476,44.6586,44.5357,44.5558,44.4925,44.5631,44.5124,44.455,44.511,44.4707,44.4172,44.3443,44.3504,44.2963,44.181,44.2103,44.1668,44.1233,44.0708,44.0558,44.0282,44.0004,44.0371,44.1015,44.0516,43.9712,43.9925,43.8779,43.8449,43.8369,43.8747,43.8508,43.8127,43.8332,43.8301,43.8929,43.9041,43.8575,43.9058,43.8535,43.8702,43.8938,43.931,43.9724,44.0145,44.0192,43.9871,43.9642,43.9404,43.9473,43.9356,43.9272,43.9073,43.875,43.8838,43.8326,43.8372,43.8526,43.8903,43.8175,43.8461,43.856,43.8288,43.8055,43.7923,43.8016,43.837,43.8485,43.8038,43.7631,43.7665,43.7532,43.7812,43.7642,43.7035,43.7485,43.7529,43.7114,43.6768,43.6856,43.6681,43.6697,43.66,43.6141,43.6406,43.6184,43.6161,43.5893,43.603,43.6115,43.6077,43.5942,43.5535,43.5706,43.5645,43.5643,43.5469,43.5482,43.5309,43.5485,43.5418,43.5446,43.4918,43.5008,43.4885,43.5029,43.5146,43.5215,43.5097,43.5274,43.5643,43.568,43.5527,43.5619,43.5418,43.545,43.533,43.5182,43.4689,43.4749,43.4842,43.4842,43.4881,43.5228,43.5121,43.5256,43.5187,43.5345,43.5375,43.5459,43.5438,43.5408,43.5736,43.6183,43.6274,43.6153,43.5893,43.5889,43.5928,43.5859,43.5941,43.6092,43.6398,43.6185,43.6115,43.6131,43.6082,43.6229,43.619,43.6427,43.6397,43.6534,43.6355,43.6474,43.6238,43.6061,43.6125,43.6157,43.6042,43.595,43.5968,43.6049,43.6068,43.5921,43.5877,43.5852,43.5851,43.5971,43.5981,43.5562,43.5528,43.5587,43.5277,43.5172,43.5301,43.5385,43.5411,43.5502,43.5577,43.5609,43.5575,43.5528,43.541,43.5324,43.5169,43.5052,43.49,43.4864,43.5049,43.5105,43.5009,43.5109,43.5363,43.5334,43.5581,43.549,43.5487,43.5523,43.5434,43.5397,43.5399,43.533,43.5395,43.5489,43.5307,43.5343,43.5384,43.5323,43.5314,43.5355,43.5434,43.545,43.5408,43.5395,43.5487,43.5457,43.5273,43.5476,43.5517,43.5501,43.5571,43.5605,43.5678,43.567,43.5591,43.5638,43.5455,43.5563,43.553,43.5465,43.5545,43.5567,43.5527,43.5634,43.5788,43.5545,43.5556,43.5616,43.5698,43.5656,43.5787,43.5867,43.5892,43.5882,43.575,43.557,43.5467,43.5575,43.562,43.5636,43.5655,43.5815,43.5944,43.6007,43.593,43.5918,43.5969,43.6086,43.6293,43.6274,
96.8549,76.4335,65.9974,62.7234,57.8653,55.438,53.7766,51.8252,49.6004,49.4543,49.1857,48.6782,48.0887,47.5716,47.6286,47.3318,47.1025,46.9402,46.8052,46.7984,46.7406,46.8495,46.5681,46.5523,46.6059,46.3193,46.1062,46.1128,46.1725,46.0437,46.048,45.9391,45.7783,45.7469,45.8713,45.8004,45.676,45.6683,45.6473,45.3506,45.2506,45.2549,45.2554,45.2261,45.1088,45.0792,44.9537,44.8026,44.7787,44.7618,44.7446,44.7027,44.7581,44.6675,44.6154,44.6477,44.6488,44.6569,44.689,44.6646,44.5234,44.5117,44.4988,44.4597,44.4935,44.4465,44.4121,44.2849,44.3177,44.3643,44.3255,44.288,44.3167,44.3443,44.2723,44.2938,44.2899,44.3079,44.1858,44.2112,44.1698,44.1958,44.1285,44.1653,44.1874,44.0999,44.091,44.0402,44.0141,43.9878,43.988,43.9838,43.983,43.9669,44.0047,43.9759,43.922,43.9061,43.8936,43.9209,43.9345,43.8818,43.9132,43.92,43.9515,43.9278,43.8326,43.8301,43.8284,43.8291,43.8314,43.8618,43.8856,43.884,43.9031,43.9539,43.9468,43.972,43.9735,43.9522,43.8973,43.8974,43.8982,43.92,43.9535,43.9269,43.9533,43.9866,43.9871,43.9792,43.9918,43.9743,43.9757,43.9833,43.9628,43.9523,43.9615,43.9711,43.9657,43.9979,43.9605,43.9461,43.9514,43.9293,43.9451,43.9146,43.864,43.878,43.8799,43.8739,43.8861,43.8956,43.8962,43.8742,43.8777,43.8685,43.9026,43.8924,43.8991,43.8969,43.8724,43.8589,43.878,43.8682,43.8852,43.8832,43.9178,43.9127,43.8925,43.8995,43.896,43.8912,43.8697,43.8614,43.8711,43.886,43.8651,43.8399,43.8284,43.8118,43.8253,43.8134,43.7906,43.7613,43.7432,43.7284,43.7013,43.6965,43.6955,43.6924,43.6876,43.6988,43.7024,43.7147,43.7303,43.7279,43.7195,43.7472,43.7234,43.7512,43.7522,43.7504,43.7544,43.7503,43.7514,43.7566,43.7642,43.7532,43.7659,43.7519,43.7461,43.7595,43.7444,43.7262,43.7386,43.7141,43.688,43.697,43.6872,43.6669,43.666,43.6755,43.6861,43.6948,43.6987,43.6792,43.6933,43.7149,43.7195,43.7034,43.7238,43.7413,43.7323,43.7451,43.7355,43.7195,43.7196,43.7156,43.7231,43.7082,43.7229,43.7202,43.693,43.7255,43.7306,43.7356,43.725,43.7131,43.7123,43.7241,43.7397,43.7438,43.7396,43.737,43.7269,43.7313,43.7502,43.7544,43.7585,43.757,43.7438,43.7533,43.7711,43.768,43.7719,43.7591,43.7533,43.7474,43.7497,43.7922,43.811,43.8247,43.8238,43.8073,43.792,43.7886,43.8013,43.8058,43.8053,43.7953,43.7887,43.7872,43.7832,43.7785,43.7766,43.7773,43.7695,43.7597,43.7588,43.7656,43.7549,43.7401,43.7589,43.7666,43.7585,43.7603,43.748,43.7413,43.7509,43.7525,43.742,
96.8549,85.8938,73.4703,64.5335,60.2715,57.6955,54.6292,51.2871,50.9645,50.1762,49.4472,48.2584,47.7076,47.3307,47.2812,47.2925,47.0067,46.8373,46.5404,46.2686,46.1193,46.1187,45.9346,45.8551,45.8113,45.8497,45.6749,45.7591,45.5874,45.3947,45.332,45.27,45.1158,45.0512,44.9548,44.9925,44.9114,45.0294,44.9577,44.9725,44.8913,44.8641,44.7851,44.7684,44.6402,44.531,44.5149,44.5318,44.5166,44.5175,44.5489,44.5696,44.5567,44.5138,44.4265,44.3901,44.4093,44.4148,44.4034,44.2981,44.2674,44.3101,44.2385,44.1616,44.1537,44.0692,44.1085,44.116,44.0576,44.0592,44.0532,44.0554,44.0326,43.9942,43.9789,43.9976,44.0725,44.0783,44.0789,44.023,44.0494,44.025,44.0125,44.0386,43.9866,43.9415,43.9636,43.9759,43.9609,43.947,43.9407,43.941,43.9563,43.9476,43.9141,43.9145,43.9206,43.9411,43.9599,43.9603,43.9656,43.999,43.9458,43.9606,43.9914,43.9783,43.9899,43.9321,43.9303,43.9151,43.8904,43.8988,43.9074,43.9011,43.9171,43.929,43.9339,43.938,43.9089,43.9073,43.8807,43.8736,43.8832,43.8927,43.8821,43.9074,43.9152,43.9297,43.948,43.928,43.9737,43.9899,43.9607,43.9763,43.9842,43.9728,43.9809,43.9805,43.9519,43.9503,43.9535,43.9472,43.9228,43.8818,43.8913,43.9048,43.9019,43.9025,43.9042,43.8899,43.9006,43.9215,43.9128,43.8949,43.8858,43.8719,43.8783,43.8528,43.8297,43.8142,43.801,43.8051,43.8127,43.8092,43.8132,43.835,43.8049,43.7976,43.8085,43.8233,43.824,43.8142,43.8021,43.8364,43.8578,43.8549,43.843,43.8193,43.7956,43.7975,43.7978,43.7891,43.7761,43.7559,43.7679,43.7826,43.7797,43.7751,43.7423,43.7328,43.7423,43.7301,43.7399,43.7517,43.7537,43.7792,43.7719,43.7868,43.7771,43.7841,43.7708,43.771,43.7758,43.7509,43.7539,43.7609,43.7559,43.7506,43.7744,43.7707,43.7813,43.7831,43.7904,43.7897,43.7967,43.7826,43.7796,43.7692,43.7585,43.7492,43.769,43.7672,43.7396,43.7353,43.7177,43.7426,43.7486,43.7309,43.7366,43.7289,43.7075,43.7081,43.7112,43.7302,43.723,43.7194,43.7253,43.7079,43.7152,43.7164,43.7089,43.7058,43.699,43.7011,43.7071,43.7049,43.711,43.7186,43.7124,43.7124,43.6956,43.7045,43.6936,43.6815,43.6657,43.6814,43.6702,43.6574,43.6648,43.6648,43.6679,43.6783,43.6816,43.6937,43.6988,43.6971,43.7012,43.6759,43.687,43.695,43.6789,43.662,43.6512,43.6365,43.6315,43.6276,43.628,43.631,43.6328,43.6274,43.6239,43.6285,43.6229,43.6086,43.6021,43.5944,43.5833,43.5845,43.5745,43.5733,43.5837,43.5772,43.5862,43.593,43.5984,43.611,43.6172,43.6137,43.6268,43.6304,43.6328,
96.8549,74.2445,66.8566,60.8469,58.1523,55.4305,53.8945,52.1488,51.3514,50.2559,49.3689,48.8544,48.2867,48.2816,47.7472,47.2938,46.9506,46.669,46.6732,46.6461,46.1056,45.9018,45.9032,45.8625,45.8109,45.6793,45.4805,45.4489,45.5287,45.5146,45.4186,45.3019,45.2859,45.3438,45.286,45.1335,45.0041,44.8722,44.7813,44.7948,44.7641,44.8112,44.8249,44.7532,44.7137,44.7631,44.6826,44.7024,44.5718,44.5609,44.5049,44.5962,44.5456,44.5293,44.5529,44.4484,44.4821,44.4627,44.5078,44.5387,44.5084,44.4714,44.4266,44.4361,44.4325,44.3935,44.3038,44.3078,44.3215,44.3535,44.3935,44.3576,44.3673,44.3464,44.3329,44.3579,44.3988,44.3957,44.4285,44.4296,44.4454,44.4799,44.4626,44.3995,44.3985,44.3669,44.3032,44.2555,44.306,44.2694,44.2856,44.2291,44.2636,44.2493,44.2653,44.1934,44.1571,44.1638,44.1488,44.1198,44.1283,44.1204,44.1411,44.0979,44.1108,44.0577,44.0398,44.0285,44.0215,43.9759,43.9724,43.9186,43.9634,43.9533,43.9552,43.9371,43.9581,43.96,43.8915,43.9219,43.9158,43.902,43.9156,43.9359,43.9849,43.9953,44.0598,44.057,44.0917,44.0522,44.0311,44.0248,44.0497,44.0451,44.0405,43.9665,43.9635,43.9577,43.9529,43.9424,43.9384,43.9499,43.9931,43.9032,43.9016,43.8863,43.8707,43.8505,43.8466,43.8607,43.8655,43.8834,43.8718,43.8803,43.8713,43.8946,43.902,43.8836,43.865,43.8759,43.8594,43.8593,43.8491,43.8706,43.8728,43.8779,43.8911,43.874,43.8609,43.8862,43.9066,43.8988,43.9315,43.9412,43.9665,43.9758,43.9878,43.9976,43.9878,43.9921,43.9983,44.001,43.9922,43.9912,43.9921,43.9867,43.9722,43.9554,43.951,43.9476,43.956,43.9587,43.9704,43.955,43.9343,43.9197,43.9153,43.9162,43.9225,43.94,43.9524,43.971,43.9603,43.9508,43.9563,43.9511,43.9564,43.9542,43.9699,43.9708,43.9661,43.9629,43.929,43.8922,43.8611,43.8572,43.8473,43.8474,43.8432,43.8404,43.8055,43.7825,43.7853,43.7809,43.7511,43.7532,43.7725,43.7422,43.74,43.7474,43.723,43.7262,43.7204,43.7318,43.7518,43.7436,43.757,43.7669,43.7697,43.7498,43.7223,43.7068,43.7001,43.6887,43.6542,43.6492,43.6398,43.6444,43.6602,43.6677,43.6898,43.6877,43.6864,43.6797,43.6725,43.6731,43.667,43.6738,43.6742,43.6673,43.6725,43.6777,43.6783,43.6769,43.6713,43.6687,43.6665,43.6661,43.6451,43.6307,43.6328,43.6255,43.6262,43.6331,43.6324,43.638,43.6479,43.6551,43.6261,43.6212,43.6155,43.6322,43.6325,43.62,43.6292,43.6391,43.628,43.6149,43.6209,43.6259,43.6193,43.6307,43.6282,43.6358,43.6343,43.6394,43.6418,43.6639,43.658,43.6394,43.6421,
96.8549,82.7538,78.1474,67.8684,64.5713,57.8006,54.8849,53.3057,52.2915,50.7309,50.3461,49.8964,48.4159,48.0932,47.7985,47.5187,47.2694,46.9968,47.0251,46.7046,46.2255,46.014,46.0099,45.8744,45.5874,45.3632,45.3314,45.3284,45.1444,45.153,44.976,44.8243,44.8172,44.7541,44.6774,44.6385,44.6462,44.7271,44.7176,44.6556,44.605,44.5337,44.5029,44.5245,44.5544,44.5631,44.5607,44.3597,44.3128,44.2738,44.3931,44.3911,44.441,44.3348,44.2693,44.2219,44.1793,44.151,44.0732,43.9747,43.9224,43.8684,43.8359,43.8241,43.8259,43.7803,43.8002,43.7597,43.7419,43.7571,43.7717,43.7945,43.7419,43.7125,43.6329,43.6535,43.6389,43.6176,43.6666,43.7004,43.6657,43.6877,43.6324,43.6077,43.6137,43.6353,43.6449,43.67,43.6771,43.6826,43.6598,43.6333,43.5995,43.5987,43.6344,43.6375,43.6712,43.6983,43.6526,43.6536,43.7127,43.6846,43.6622,43.6583,43.5892,43.5921,43.5737,43.595,43.5846,43.5288,43.5248,43.555,43.5113,43.536,43.547,43.5634,43.5674,43.5983,43.5939,43.5831,43.4967,43.485,43.4884,43.4795,43.4696,43.4323,43.3959,43.3964,43.4048,43.4272,43.4225,43.3957,43.4032,43.4015,43.3776,43.3781,43.3496,43.3649,43.3655,43.3271,43.299,43.2706,43.2987,43.3026,43.3025,43.3148,43.3154,43.316,43.3119,43.3116,43.3249,43.3058,43.3341,43.3252,43.2975,43.2967,43.2906,43.2647,43.2594,43.2628,43.2803,43.2989,43.2894,43.3161,43.3238,43.3122,43.3287,43.3402,43.3286,43.3365,43.3288,43.35,43.3601,43.3791,43.3748,43.3919,43.3869,43.3828,43.3801,43.3916,43.4172,43.4032,43.4271,43.4106,43.4311,43.4242,43.4356,43.4162,43.4026,43.386,43.3932,43.4109,43.4206,43.4143,43.4216,43.4245,43.4393,43.4386,43.4622,43.4613,43.4465,43.476,43.4549,43.452,43.449,43.4605,43.4637,43.453,43.4432,43.4374,43.4484,43.4376,43.4431,43.456,43.4666,43.4699,43.469,43.4358,43.4535,43.4327,43.4243,43.4308,43.4361,43.4483,43.4617,43.4715,43.4726,43.4739,43.4622,43.4724,43.4736,43.4623,43.4565,43.463,43.4364,43.4398,43.4458,43.4429,43.455,43.4708,43.4588,43.4496,43.4679,43.4754,43.487,43.4903,43.4806,43.4873,43.4891,43.4929,43.4983,43.5001,43.4914,43.4925,43.4877,43.4808,43.4744,43.4803,43.4831,43.5006,43.4999,43.4958,43.4864,43.4789,43.4663,43.469,43.4777,43.477,43.4583,43.4622,43.4735,43.4815,43.4882,43.4863,43.4844,43.4797,43.4765,43.4755,43.48,43.4785,43.4707,43.4773,43.4802,43.487,43.4944,43.485,43.4915,43.4901,43.4929,43.4973,43.5023,43.4952,43.493,43.5023,43.5062,43.507,43.4936,43.4914,43.5017,43.4986,43.4954,
96.8549,81.8069,73.3356,65.0856,59.0124,58.7801,57.8305,52.8001,51.6903,50.2083,49.6133,48.3309,47.8868,47.572,47.0889,46.881,46.6665,46.3251,45.9443,45.8686,45.7804,45.7173,45.6772,45.7363,45.5296,45.6731,45.6535,45.6674,45.7286,45.8178,45.6752,45.7376,45.7055,45.6657,45.6805,45.8085,45.7393,45.6594,45.5858,45.4989,45.406,45.313,45.1735,45.1246,45.0328,44.9596,44.9289,44.8739,44.8161,44.7794,44.8005,44.8188,44.8597,44.895,44.9029,44.8985,44.8397,44.735,44.72,44.7103,44.7235,44.7067,44.6703,44.6684,44.6394,44.6539,44.5148,44.5058,44.5019,44.4313,44.2917,44.2001,44.208,44.1749,44.1448,44.0935,44.1466,44.1136,44.0635,43.9811,43.9749,43.9143,43.9155,43.8904,43.884,43.9212,43.8659,43.8591,43.8587,43.8914,43.8904,43.9009,43.8813,43.8922,43.8782,43.8805,43.8744,43.8724,43.8176,43.7997,43.7767,43.821,43.8533,43.832,43.8191,43.8233,43.8201,43.8124,43.8298,43.8473,43.813,43.7897,43.8001,43.7893,43.7905,43.7509,43.7787,43.784,43.7801,43.7794,43.7798,43.7818,43.7286,43.7587,43.7951,43.7354,43.7442,43.7692,43.7817,43.8059,43.7846,43.788,43.7991,43.8036,43.7957,43.8184,43.8066,43.7805,43.7786,43.791,43.7515,43.7861,43.7801,43.7629,43.7698,43.7764,43.7681,43.7835,43.7769,43.7809,43.7479,43.7267,43.7506,43.7632,43.7656,43.7478,43.7426,43.7278,43.7303,43.7159,43.7063,43.678,43.6704,43.6722,43.6413,43.6414,43.655,43.6548,43.6733,43.6598,43.6715,43.6628,43.6753,43.6433,43.6561,43.6658,43.6702,43.6573,43.6502,43.6421,43.6313,43.6632,43.6736,43.6833,43.687,43.6717,43.6818,43.6836,43.706,43.703,43.7214,43.7205,43.7282,43.7319,43.7142,43.6986,43.6967,43.7048,43.7067,43.7115,43.7154,43.7123,43.701,43.6911,43.6438,43.6444,43.6718,43.6594,43.6489,43.6382,43.6129,43.6101,43.6004,43.5848,43.5867,43.6022,43.6097,43.63,43.6306,43.6242,43.6412,43.6574,43.6409,43.6308,43.628,43.6349,43.6584,43.6389,43.6222,43.6186,43.6129,43.6153,43.6039,43.6066,43.62,43.6135,43.6115,43.6125,43.6231,43.6258,43.6458,43.6598,43.657,43.6408,43.6532,43.674,43.6837,43.6611,43.6575,43.6654,43.6617,43.6737,43.6724,43.6673,43.6679,43.6606,43.6604,43.6461,43.6445,43.6547,43.6494,43.649,43.6511,43.6486,43.6366,43.6401,43.6438,43.6465,43.6373,43.6296,43.6327,43.6562,43.6578,43.637,43.6456,43.6464,43.6657,43.6635,43.6697,43.6745,43.6754,43.6813,43.6844,43.6849,43.6943,43.6893,43.6884,43.7011,43.6967,43.6846,43.6772,43.6685,43.6688,43.6636,43.6657,43.6505,43.6465,43.6626,43.6444,43.6357,43.6312,
96.8549,77.046,67.9096,61.478,55.8451,52.2969,51.9469,51.0199,49.7037,48.7016,48.8086,47.9374,47.8201,47.2794,47.1491,46.9464,46.6416,46.2705,46.3598,46.4432,46.4202,46.2734,46.0966,45.8622,45.6956,45.5251,45.3833,45.31,44.9619,44.7863,44.9237,44.8158,44.7754,44.6981,44.6506,44.5483,44.5721,44.5365,44.6114,44.605,44.667,44.6238,44.5631,44.5433,44.4665,44.4562,44.4465,44.3625,44.431,44.3556,44.3385,44.3053,44.2758,44.2542,44.1451,44.1053,44.053,44.0868,44.0956,44.0963,44.1264,44.0384,44.0353,44.0225,44.0305,44.007,44.0166,44.059,44.0623,44.0888,44.0345,44.0044,43.9686,43.9895,44.018,43.9435,43.8906,43.8725,43.8149,43.8196,43.841,43.791,43.8451,43.8493,43.8911,43.9271,43.9298,43.9316,43.9263,43.8727,43.9238,43.9646,43.9582,43.9678,43.9205,43.9296,43.9112,43.8608,43.8525,43.8335,43.8533,43.8284,43.8212,43.7867,43.778,43.7892,43.7746,43.7624,43.7187,43.7146,43.7213,43.6978,43.6843,43.6928,43.6891,43.7063,43.6797,43.6697,43.6582,43.6504,43.6418,43.6251,43.6512,43.6623,43.6984,43.7004,43.706,43.6962,43.6672,43.7015,43.7028,43.7112,43.7143,43.6958,43.6924,43.6872,43.6857,43.679,43.6732,43.6867,43.6666,43.6377,43.6567,43.6782,43.6664,43.6407,43.6731,43.6775,43.6519,43.6359,43.6242,43.6276,43.6341,43.643,43.6427,43.628,43.6153,43.6189,43.6366,43.6483,43.6189,43.5602,43.5814,43.5725,43.5787,43.5881,43.5702,43.5998,43.6154,43.6131,43.5966,43.5817,43.5839,43.58,43.6009,43.6001,43.6045,43.6108,43.5966,43.5983,43.6036,43.5971,43.5926,43.6019,43.5989,43.6043,43.6191,43.6006,43.5778,43.593,43.6096,43.6027,43.6036,43.6239,43.6371,43.6463,43.6641,43.6618,43.6614,43.6624,43.6751,43.6693,43.6681,43.6611,43.6802,43.6804,43.6899,43.7062,43.7091,43.682,43.6809,43.6833,43.6799,43.6689,43.6845,43.6744,43.6493,43.6719,43.6786,43.6895,43.6663,43.6689,43.6647,43.6741,43.6674,43.686,43.6931,43.7003,43.7046,43.6988,43.702,43.7076,43.7151,43.7281,43.7201,43.7009,43.6905,43.6854,43.6817,43.6681,43.6594,43.6632,43.6747,43.6627,43.6603,43.6593,43.6491,43.6583,43.6538,43.6633,43.6572,43.6597,43.6514,43.6421,43.6373,43.6389,43.6352,43.651,43.6387,43.6474,43.6525,43.6558,43.6606,43.6674,43.676,43.6765,43.6613,43.6532,43.6446,43.6325,43.6317,43.6093,43.6044,43.6007,43.5946,43.5973,43.5988,43.6019,43.6151,43.6142,43.6075,43.6074,43.6122,43.6294,43.6275,43.6324,43.6359,43.6541,43.6742,43.6637,43.6586,43.6631,43.6553,43.6596,43.6717,43.6881,43.6901,43.6916,43.686,43.689,43.7042,
96.8549,76.9568,67.9673,58.4524,56.433,54.3673,51.3295,50.452,49.3537,49.0236,48.8509,48.6486,48.3871,47.8959,47.5837,47.4041,47.1117,46.725,46.991,46.8077,46.6409,46.4679,46.4866,46.2053,46.1064,46.0617,45.9408,45.7605,45.6646,45.576,45.604,45.5604,45.3445,45.1734,45.1734,45.278,45.1981,45.1864,45.1307,45.0382,44.9738,44.9059,44.8562,44.8434,44.7498,44.7193,44.7399,44.6722,44.6793,44.7247,44.7655,44.7534,44.6518,44.6251,44.6775,44.6664,44.65,44.6569,44.6587,44.6008,44.591,44.5977,44.6612,44.7055,44.7297,44.7353,44.5797,44.605,44.6483,44.6391,44.5739,44.559,44.5054,44.4729,44.4745,44.465,44.4576,44.4241,44.3633,44.3719,44.3356,44.3437,44.3376,44.3244,44.2933,44.2641,44.2633,44.3016,44.2658,44.2572,44.207,44.1787,44.1877,44.1824,44.1375,44.0934,44.0566,44.032,44.0427,44.0243,44.0248,44.0048,44.0202,43.9928,43.9996,44.0123,43.9882,44.0113,43.9983,43.9891,43.997,43.9652,43.9863,43.9852,43.9984,43.9758,43.9678,43.9408,43.9531,43.959,43.9862,43.9699,43.8884,43.8464,43.8756,43.8824,43.8823,43.8734,43.8678,43.8667,43.8486,43.8298,43.83,43.8191,43.7745,43.7728,43.7515,43.7469,43.7464,43.7275,43.7366,43.7611,43.762,43.7534,43.7566,43.7662,43.7567,43.801,43.7889,43.7919,43.8039,43.768,43.7603,43.7607,43.763,43.6941,43.6959,43.693,43.6828,43.6844,43.6719,43.6886,43.6657,43.6658,43.6692,43.6698,43.6893,43.6727,43.6993,43.6464,43.6472,43.6453,43.6605,43.6642,43.644,43.6381,43.6353,43.6353,43.6262,43.6328,43.6298,43.6074,43.6277,43.6618,43.6431,43.624,43.6345,43.6445,43.6477,43.6475,43.6267,43.6119,43.6036,43.5952,43.5858,43.5664,43.5487,43.575,43.5752,43.5455,43.5456,43.5421,43.5466,43.5483,43.5425,43.5394,43.5503,43.5319,43.537,43.5361,43.536,43.5331,43.5146,43.5161,43.5164,43.5251,43.538,43.5218,43.5198,43.5269,43.5233,43.5294,43.5403,43.5317,43.5241,43.5198,43.5009,43.509,43.5105,43.5171,43.51,43.5087,43.4977,43.4829,43.4748,43.468,43.4562,43.4692,43.4585,43.4452,43.4225,43.4141,43.4024,43.3903,43.3866,43.3763,43.3777,43.3826,43.3926,43.4238,43.4257,43.422,43.423,43.4194,43.4217,43.4171,43.4201,43.4143,43.4024,43.4125,43.4271,43.4292,43.4182,43.4217,43.409,43.422,43.4315,43.4464,43.4353,43.4286,43.4224,43.4227,43.4239,43.4368,43.432,43.4254,43.4172,43.4168,43.4224,43.4084,43.4099,43.4269,43.4212,43.4331,43.4279,43.4246,43.4283,43.4291,43.4327,43.4293,43.4179,43.4063,43.4096,43.4179,43.4269,43.4377,43.4507,43.453,43.4673,43.4721,43.4771,
96.8549,80.9634,67.993,60.279,56.6692,53.8322,51.1126,50.597,49.4603,48.6043,48.1578,47.5267,47.3962,47.0869,46.9553,46.9237,47.0854,46.8545,46.8068,46.6475,46.6216,46.1327,46.0909,46.1867,46.057,46.0623,45.9567,45.6899,45.6574,45.4803,45.3811,45.3074,45.4382,45.5641,45.6017,45.6398,45.6943,45.6492,45.5725,45.509,45.3435,45.2133,45.2311,45.2043,45.1508,45.0356,45.0518,44.9234,44.9445,44.8941,44.8935,44.8091,44.7772,44.8276,44.7334,44.8494,44.7903,44.782,44.7542,44.7848,44.7607,44.6936,44.6766,44.6232,44.5655,44.5255,44.5356,44.5379,44.5277,44.525,44.4839,44.4782,44.4403,44.4055,44.4276,44.3914,44.3817,44.3912,44.3781,44.3546,44.3216,44.3153,44.2752,44.2604,44.2351,44.2105,44.1614,44.1326,44.1029,44.1129,44.1115,44.1514,44.1246,44.1176,44.0932,44.0714,44.0691,44.0844,44.079,44.0532,44.0638,44.0345,44.0511,44.0514,44.0683,44.0382,44.0677,44.0327,44.0426,44.0361,44.0265,44.0004,43.9749,43.9655,43.9121,43.8998,43.8835,43.9265,43.919,43.8587,43.8392,43.8351,43.8325,43.8352,43.8363,43.8426,43.8453,43.8426,43.7897,43.8117,43.7672,43.7749,43.7844,43.7573,43.7717,43.7582,43.7268,43.7397,43.7072,43.731,43.7075,43.6845,43.693,43.6811,43.6835,43.7028,43.685,43.6626,43.6489,43.6316,43.6644,43.6564,43.6757,43.6813,43.6952,43.6913,43.692,43.6718,43.6751,43.6812,43.6459,43.6372,43.6337,43.6333,43.63,43.6398,43.6381,43.6173,43.6142,43.6036,43.6,43.5923,43.5818,43.5779,43.5613,43.5739,43.5772,43.5759,43.5684,43.5719,43.5576,43.5764,43.604,43.6072,43.6073,43.5997,43.6001,43.6023,43.591,43.6126,43.6085,43.6089,43.6209,43.5828,43.5966,43.6004,43.6246,43.6407,43.643,43.6493,43.6526,43.6547,43.6478,43.6455,43.6549,43.6472,43.642,43.648,43.6413,43.651,43.6516,43.6668,43.6442,43.639,43.6335,43.633,43.6308,43.6279,43.6221,43.6191,43.6265,43.6461,43.675,43.6555,43.6639,43.6764,43.6569,43.6515,43.6512,43.6506,43.6522,43.6626,43.6799,43.664,43.6527,43.6573,43.6193,43.6225,43.6337,43.6419,43.6277,43.6319,43.6393,43.6365,43.6302,43.6187,43.6189,43.606,43.6177,43.6063,43.582,43.5813,43.5779,43.5646,43.5578,43.554,43.5611,43.5509,43.5594,43.5626,43.5648,43.5844,43.588,43.5888,43.5856,43.5887,43.5924,43.5921,43.5965,43.6063,43.606,43.61,43.6126,43.6265,43.6282,43.6406,43.631,43.615,43.6307,43.6462,43.6436,43.6352,43.6283,43.6123,43.6185,43.6128,43.6148,43.6231,43.6326,43.6004,43.602,43.5928,43.5684,43.5769,43.5866,43.5819,43.5853,43.5695,43.5642,43.573,43.5843,
96.8549,79.0229,76.3244,75.2378,65.796,62.7201,60.8632,56.7271,54.7399,54.1086,51.7003,51.0695,50.9207,50.0058,48.9647,48.2648,47.6038,47.5094,47.2612,46.5437,46.4112,46.3219,46.0505,45.8515,45.6594,45.4556,45.4371,45.3346,45.2874,45.1967,45.0501,45.1128,44.9971,44.9119,44.7915,44.7956,44.7565,44.668,44.5628,44.5611,44.563,44.4763,44.4664,44.4413,44.4274,44.2458,44.1938,44.1633,44.1941,44.1391,44.1401,44.1054,44.0405,44.0564,44.1042,44.0905,44.0691,44.0808,44.0647,44.0277,43.9564,43.8715,43.8871,43.8728,43.9083,43.8479,43.8352,43.8188,43.8108,43.875,43.801,43.8042,43.7867,43.7531,43.7316,43.7376,43.7531,43.7763,43.7669,43.8578,43.8972,43.9129,43.9225,43.9028,43.8688,43.8705,43.774,43.7614,43.7427,43.7008,43.6877,43.7163,43.6945,43.7053,43.6769,43.5986,43.6184,43.6678,43.6709,43.6362,43.6564,43.6214,43.6255,43.6128,43.6243,43.6728,43.6758,43.6708,43.6723,43.6539,43.6465,43.638,43.5899,43.5607,43.6023,43.5914,43.6135,43.6268,43.6197,43.6474,43.6727,43.6572,43.6484,43.659,43.6216,43.6228,43.6298,43.624,43.6404,43.6388,43.6191,43.6155,43.6253,43.6273,43.6489,43.6524,43.6274,43.5831,43.5766,43.5754,43.5579,43.5611,43.5575,43.5628,43.5612,43.5621,43.5525,43.558,43.5678,43.5646,43.5584,43.5788,43.6275,43.6412,43.6188,43.6105,43.6309,43.6558,43.6494,43.6504,43.6451,43.6545,43.6377,43.6355,43.655,43.6536,43.6467,43.6654,43.6796,43.6907,43.6831,43.6419,43.64,43.6392,43.6223,43.6156,43.6077,43.5968,43.6093,43.6116,43.5493,43.5622,43.5557,43.5521,43.5571,43.5604,43.5662,43.557,43.5664,43.5679,43.551,43.5699,43.5669,43.5567,43.5582,43.5653,43.5961,43.5867,43.5813,43.5977,43.6017,43.5828,43.5931,43.6002,43.5908,43.5743,43.5628,43.6007,43.5993,43.6069,43.6157,43.6404,43.641,43.6415,43.6671,43.639,43.6613,43.6621,43.6616,43.6615,43.661,43.6739,43.6718,43.681,43.6734,43.6643,43.675,43.6711,43.6685,43.6639,43.679,43.6698,43.701,43.6987,43.6922,43.7035,43.716,43.7118,43.7073,43.6998,43.7086,43.6874,43.6898,43.698,43.6968,43.6838,43.6669,43.6517,43.6388,43.631,43.6227,43.6176,43.6289,43.6341,43.634,43.6304,43.6146,43.616,43.6268,43.6334,43.6337,43.6355,43.6367,43.6353,43.6237,43.6257,43.6277,43.6334,43.6408,43.6437,43.6508,43.6389,43.6347,43.6369,43.6301,43.6392,43.632,43.6349,43.6294,43.6218,43.6161,43.6204,43.6162,43.6239,43.6154,43.6099,43.619,43.6145,43.6001,43.5968,43.5952,43.6043,43.5906,43.6014,43.5781,43.5816,43.5895,43.5812,43.5878,43.5814,43.5736,
96.8549,78.6429,65.8101,60.0998,56.8043,54.0735,53.6417,52.623,50.9241,50.2058,49.3098,49.1288,48.4571,47.7244,47.6127,47.4522,47.6406,47.1022,46.6524,46.4867,46.3072,46.208,45.7939,45.5907,45.3892,45.1965,45.1445,45.1325,45.0971,45.0898,45.1233,45.1389,45.0436,44.9891,45.069,44.8624,44.7369,44.8119,44.8865,44.9104,44.839,44.7689,44.7831,44.7214,44.5885,44.64,44.622,44.6204,44.5342,44.5344,44.4824,44.3595,44.4386,44.4007,44.3571,44.302,44.3197,44.305,44.3293,44.3475,44.2886,44.3119,44.3167,44.2902,44.3052,44.2776,44.2741,44.2652,44.2535,44.1804,44.1649,44.1205,44.1798,44.1865,44.1725,44.0974,44.1141,44.1372,44.1602,44.1697,44.1037,44.1178,44.082,44.0532,44.051,44.0715,44.1077,44.1185,44.1338,44.1298,44.1506,44.1598,44.1652,44.1987,44.1244,44.0901,44.0611,44.0499,44.005,44.0099,44.0406,44.0524,44.0285,44.049,44.0807,44.0764,44.0818,44.0505,44.0756,44.0838,44.0556,44.0359,44.0639,44.0723,44.0722,44.0381,44.034,44.0116,44.0852,44.0409,44.0412,44.0148,44.0122,43.9898,43.9849,43.9985,44.0081,44.0224,43.9896,43.9878,43.9986,43.9511,43.9491,43.97,43.9635,43.975,44.0204,44.0555,44.0632,44.0388,44.0331,44.0017,44.0098,44.0256,44.0268,44.0273,44.023,44.0175,44.0495,44.0084,43.9756,43.9935,43.9941,43.9987,44.002,43.9767,43.9677,43.9631,43.9654,43.9437,43.9035,43.906,43.9012,43.8923,43.9012,43.8807,43.8564,43.8469,43.8488,43.8247,43.827,43.8071,43.8064,43.8209,43.8068,43.8261,43.8575,43.8359,43.8307,43.8119,43.8106,43.8106,43.7904,43.7801,43.7566,43.7674,43.7764,43.7786,43.7519,43.7419,43.7596,43.751,43.7346,43.7294,43.7111,43.7196,43.7166,43.7156,43.6991,43.6948,43.7029,43.6891,43.6865,43.6654,43.6538,43.6336,43.6404,43.6318,43.6317,43.6385,43.6353,43.632,43.6425,43.6376,43.63,43.6198,43.6193,43.6054,43.6019,43.5907,43.5935,43.6017,43.5849,43.5876,43.5973,43.5941,43.5915,43.5729,43.5686,43.5646,43.5695,43.5513,43.5361,43.5501,43.5645,43.561,43.5494,43.55,43.5379,43.5314,43.533,43.5385,43.5396,43.557,43.5524,43.5459,43.5435,43.5336,43.5187,43.5128,43.528,43.5175,43.5206,43.5263,43.5431,43.503,43.4956,43.4899,43.4955,43.4856,43.4931,43.4744,43.4762,43.4896,43.4952,43.5066,43.5003,43.4974,43.493,43.4903,43.4778,43.4724,43.4635,43.4577,43.4593,43.4748,43.4907,43.4821,43.4749,43.4603,43.4486,43.4388,43.4315,43.4339,43.4351,43.4471,43.4437,43.4507,43.4421,43.4358,43.4182,43.4173,43.4136,43.4179,43.4141,43.4189,43.405,43.4129,43.4218,43.4164,43.4328,
96.8549,77.1991,69.5726,64.193,57.1239,53.5745,52.4677,50.1136,49.6769,47.7884,47.2669,46.8035,46.7003,46.8403,46.5141,46.2833,45.9245,46.0016,46.0191,45.8927,45.9712,46.0988,46.0411,45.9274,45.6652,45.4799,45.4103,45.3371,45.2428,45.01,45.0839,44.946,44.9172,44.8992,44.9172,44.9992,45.0341,44.9777,44.9047,44.9281,44.8378,44.7031,44.6207,44.5738,44.5429,44.6009,44.5828,44.5772,44.5871,44.5625,44.555,44.5318,44.5653,44.4887,44.4959,44.5017,44.4615,44.388,44.2595,44.2562,44.2739,44.2447,44.272,44.2408,44.2287,44.2332,44.2522,44.2433,44.3589,44.3334,44.3537,44.4423,44.4028,44.3976,44.3851,44.3248,44.293,44.2988,44.2957,44.3252,44.2591,44.2402,44.1443,44.0949,44.0465,44.0293,43.9975,44.0066,43.985,43.9566,43.9531,43.885,43.8782,43.8947,43.9105,43.8754,43.859,43.8658,43.8224,43.7996,43.7824,43.785,43.7732,43.7794,43.8025,43.8112,43.8228,43.7689,43.7347,43.7815,43.8308,43.7969,43.8065,43.7722,43.7865,43.7619,43.7756,43.7718,43.7567,43.7772,43.6997,43.7266,43.711,43.7017,43.6992,43.6956,43.6994,43.7455,43.7364,43.7266,43.7355,43.6825,43.6656,43.6701,43.6592,43.6675,43.6551,43.6674,43.6414,43.6222,43.6289,43.601,43.6031,43.5986,43.6023,43.6252,43.6396,43.6294,43.586,43.5994,43.5978,43.5997,43.6224,43.609,43.6068,43.57,43.5753,43.5843,43.6038,43.5909,43.6039,43.6108,43.5916,43.5944,43.5824,43.5783,43.5459,43.5355,43.5526,43.5544,43.553,43.5482,43.5347,43.5116,43.5122,43.519,43.5309,43.5327,43.5271,43.5223,43.5098,43.5059,43.512,43.5058,43.5108,43.5157,43.5041,43.5218,43.5104,43.4965,43.5065,43.4952,43.5019,43.5049,43.4925,43.4968,43.5061,43.4928,43.5076,43.5008,43.4936,43.4911,43.4865,43.4616,43.462,43.4702,43.4514,43.4458,43.4449,43.4397,43.4189,43.3925,43.3846,43.3897,43.3847,43.3916,43.389,43.3811,43.3848,43.3996,43.4124,43.4084,43.4116,43.4063,43.3885,43.392,43.3847,43.3908,43.385,43.3766,43.376,43.3648,43.3631,43.3443,43.3457,43.3404,43.3477,43.3578,43.378,43.3797,43.3892,43.3913,43.3997,43.4059,43.4035,43.4042,43.3931,43.386,43.3641,43.3618,43.3393,43.3424,43.352,43.3236,43.3335,43.3365,43.3597,43.3562,43.3618,43.3716,43.3616,43.3822,43.3826,43.3619,43.3719,43.3972,43.3892,43.3796,43.3927,43.4127,43.3991,43.4186,43.4298,43.4527,43.452,43.458,43.4459,43.4469,43.4672,43.4679,43.4539,43.4453,43.4482,43.4515,43.4644,43.4569,43.4721,43.4659,43.4681,43.4799,43.4915,43.4942,43.4991,43.5089,43.5025,43.4923,43.4841,43.4804,43.4825,43.4812,43.4763,
96.8549,78.9386,67.5486,62.5785,57.0514,54.4962,51.8585,50.1304,49.407,48.3384,47.5414,47.2843,46.7953,46.5609,46.4821,46.3943,46.3189,45.9594,46.0581,46.0451,45.7784,45.3252,45.0297,44.9362,44.9634,44.7823,44.6545,44.6142,44.6152,44.6724,44.7626,44.7679,44.6136,44.6037,44.5809,44.6444,44.7904,44.7099,44.6338,44.6955,44.5658,44.3559,44.3104,44.3038,44.2509,44.2108,44.181,44.0973,44.079,43.9524,43.9288,43.8865,43.8724,43.9085,43.9081,43.9057,43.8559,43.8573,43.9151,43.8553,43.8157,43.8277,43.813,43.7325,43.6837,43.5529,43.5707,43.5362,43.5378,43.5767,43.5669,43.5962,43.5946,43.6412,43.672,43.7225,43.76,43.7884,43.8296,43.8007,43.7116,43.7262,43.7571,43.7823,43.7778,43.7416,43.7321,43.7334,43.7107,43.7184,43.6486,43.6681,43.6886,43.71,43.6727,43.6662,43.6423,43.6458,43.6873,43.6912,43.6773,43.6791,43.6714,43.6643,43.6383,43.6729,43.6908,43.68,43.6573,43.693,43.6786,43.6687,43.6694,43.6462,43.6428,43.6202,43.6641,43.6457,43.6435,43.6474,43.6871,43.7,43.6523,43.6266,43.6041,43.6023,43.5957,43.6073,43.5992,43.6199,43.5924,43.606,43.6159,43.6142,43.6286,43.6379,43.6432,43.6341,43.6455,43.6322,43.6118,43.6087,43.617,43.603,43.6037,43.6463,43.6697,43.673,43.6425,43.6432,43.6705,43.6797,43.6742,43.6719,43.6886,43.6603,43.6463,43.6581,43.6729,43.6613,43.6539,43.64,43.6088,43.6064,43.6072,43.617,43.5995,43.5846,43.5872,43.5526,43.538,43.53,43.555,43.542,43.5226,43.5194,43.524,43.5211,43.5134,43.5269,43.5248,43.5108,43.4951,43.5281,43.5257,43.5338,43.534,43.5228,43.5075,43.4816,43.4815,43.4894,43.4924,43.4875,43.4775,43.5032,43.4969,43.5038,43.4973,43.4891,43.4759,43.4915,43.4857,43.4719,43.4648,43.4354,43.421,43.3984,43.3951,43.4062,43.4243,43.4518,43.454,43.4627,43.4868,43.4975,43.4947,43.5003,43.4961,43.4891,43.4838,43.4823,43.4894,43.4838,43.4877,43.509,43.5208,43.5075,43.504,43.4995,43.4931,43.4943,43.4951,43.4973,43.4947,43.5025,43.5056,43.5155,43.5163,43.521,43.5262,43.5156,43.5277,43.5215,43.5338,43.5453,43.5416,43.54,43.5499,43.5402,43.5425,43.546,43.5386,43.5369,43.5502,43.5425,43.5514,43.5343,43.5261,43.5263,43.5404,43.5458,43.534,43.5399,43.5187,43.5299,43.5201,43.5174,43.5243,43.536,43.5195,43.5102,43.4923,43.494,43.4984,43.4933,43.5017,43.515,43.5133,43.5091,43.5019,43.5161,43.5171,43.5181,43.5166,43.5186,43.5363,43.5447,43.5363,43.5343,43.5357,43.5493,43.5663,43.5642,43.5568,43.5386,43.547,43.5594,43.5655,43.5692,43.5899,
96.8549,80.3311,69.0552,61.8582,57.3104,54.5342,52.7868,51.8664,50.746,50.1198,49.9043,49.5384,49.2828,48.8906,48.4724,48.3486,48.4043,48.3253,47.3137,47.203,47.1379,47.002,46.855,46.7689,46.6315,46.4346,46.3897,46.23,46.0071,45.8986,45.8189,45.6772,45.4947,45.4518,45.3486,45.3916,45.3815,45.4087,45.278,45.1972,45.1549,45.059,45.0709,45.0481,45.0008,45.0437,45.0333,45.0358,44.9361,44.958,44.8863,44.8027,44.8244,44.7697,44.7683,44.7381,44.7116,44.6552,44.6216,44.5839,44.5589,44.5138,44.5034,44.5077,44.4808,44.3868,44.4029,44.4082,44.3813,44.3954,44.3996,44.3064,44.3288,44.2747,44.2257,44.1962,44.2218,44.2119,44.2455,44.1483,44.0771,44.0616,43.9789,43.9718,43.9758,43.9597,43.9756,43.943,43.9129,43.9009,43.9574,43.983,43.9692,43.9977,43.9717,43.9542,43.9411,43.9214,43.9368,43.9568,43.9771,43.9904,43.967,43.9544,43.947,43.9053,43.9232,43.9486,43.938,43.9601,43.9453,43.9872,43.9892,44.042,44.047,44.0412,43.9926,44.0159,44.0573,44.0708,44.0605,44.0696,44.0651,44.0558,44.0457,44.0654,44.064,44.0954,44.1006,44.097,44.0753,44.067,44.0603,44.0372,44.0035,44.0259,44.0133,44.0205,43.9814,43.962,43.9705,43.9621,43.9529,43.9555,43.9046,43.9005,43.8591,43.8647,43.8498,43.8519,43.8488,43.869,43.8778,43.8665,43.8414,43.8354,43.853,43.8524,43.8857,43.8799,43.863,43.8434,43.8516,43.8649,43.8741,43.8841,43.8697,43.8537,43.8727,43.8523,43.8345,43.7824,43.764,43.7323,43.7327,43.7379,43.7324,43.7263,43.7262,43.728,43.7269,43.7202,43.7061,43.717,43.709,43.6649,43.628,43.6381,43.6426,43.6568,43.655,43.6501,43.649,43.6615,43.6713,43.6747,43.667,43.6404,43.6476,43.6506,43.6281,43.623,43.6366,43.6427,43.653,43.6507,43.6568,43.6448,43.6559,43.6692,43.6819,43.6938,43.7012,43.6972,43.7011,43.7118,43.719,43.7198,43.725,43.6884,43.6841,43.6871,43.6862,43.6842,43.6931,43.7052,43.7116,43.7288,43.7199,43.7304,43.7261,43.7256,43.7217,43.7309,43.7242,43.7161,43.712,43.7217,43.7245,43.7623,43.7566,43.751,43.7425,43.7389,43.7289,43.726,43.71,43.6856,43.6806,43.6924,43.6814,43.6648,43.6843,43.6788,43.6595,43.6583,43.6639,43.6544,43.6461,43.6341,43.6342,43.6199,43.6107,43.6238,43.6364,43.6181,43.6193,43.6069,43.5956,43.5875,43.5599,43.5511,43.5467,43.549,43.5303,43.5347,43.5385,43.5403,43.5295,43.5299,43.5252,43.5186,43.5393,43.543,43.545,43.537,43.5455,43.5606,43.5591,43.5666,43.5875,43.5892,43.5889,43.5877,43.5803,43.5904,43.5777,43.5723,43.5608,43.5506,43.5417,
96.8549,84.7669,71.0267,63.4024,57.8191,54.8835,54.1986,52.7143,51.8484,51.0618,49.9247,49.6724,49.2735,48.2676,47.9179,47.7438,47.8592,47.3838,47.2961,47.2378,46.792,46.4972,46.3212,46.3246,46.1901,46.0087,46.0197,45.9912,45.987,45.8925,45.8439,45.7994,45.7443,45.6595,45.58,45.4629,45.1008,45.0922,45.1329,45.0412,45.0409,44.9887,44.9755,44.9772,45.0355,45.0245,44.9869,45.0086,44.9721,44.9306,44.9338,44.903,44.8409,44.787,44.7511,44.7556,44.8035,44.7173,44.6925,44.5969,44.5591,44.5196,44.5519,44.4564,44.4338,44.3974,44.3425,44.3155,44.3293,44.2907,44.2941,44.2724,44.2926,44.2938,44.2589,44.2513,44.2186,44.1786,44.2055,44.2109,44.2238,44.2265,44.1815,44.1781,44.2009,44.1492,44.1554,44.1403,44.1212,44.0976,44.0792,44.0223,43.9928,43.9194,43.8926,43.9178,43.903,43.9091,43.8885,43.8736,43.9073,43.9221,43.9257,43.9697,43.9413,43.9305,43.9377,43.9241,43.9145,43.9242,43.9347,43.9513,43.9972,43.9738,43.9587,43.9614,43.9378,43.9461,43.9298,43.9461,43.9636,43.957,43.9518,43.9451,43.9242,43.9532,43.9381,43.9382,43.934,43.9766,43.9495,43.9633,44.0099,43.9809,43.946,43.9294,43.9342,43.9281,43.8801,43.8777,43.9184,43.9157,43.8978,43.893,43.9125,43.8899,43.9058,43.9119,43.9052,43.9007,43.8918,43.8725,43.8793,43.8718,43.8658,43.8638,43.8927,43.8814,43.8854,43.8614,43.8584,43.8388,43.8024,43.8033,43.7938,43.7945,43.7997,43.8244,43.8319,43.8232,43.8102,43.8099,43.8319,43.8489,43.8437,43.8381,43.8308,43.8354,43.8323,43.8175,43.8052,43.8158,43.8158,43.8288,43.8395,43.8289,43.8093,43.8292,43.824,43.8373,43.8487,43.8779,43.8896,43.8881,43.8676,43.8839,43.8775,43.8964,43.899,43.9058,43.8716,43.8557,43.85,43.8592,43.8418,43.8389,43.8531,43.8508,43.8471,43.8376,43.8206,43.8391,43.8556,43.8686,43.8499,43.8399,43.8135,43.7992,43.7854,43.7952,43.7684,43.7621,43.7691,43.761,43.7634,43.7767,43.7769,43.7788,43.7772,43.7821,43.772,43.768,43.7806,43.7653,43.7523,43.7311,43.7485,43.7487,43.7471,43.7533,43.769,43.7744,43.7555,43.7594,43.7648,43.7412,43.7362,43.7316,43.7264,43.7311,43.7395,43.7469,43.7379,43.7284,43.7442,43.7368,43.7551,43.7526,43.7618,43.7319,43.7234,43.7193,43.718,43.7038,43.668,43.6722,43.6763,43.6622,43.6822,43.6898,43.6947,43.699,43.704,43.6924,43.6841,43.683,43.6857,43.6693,43.6487,43.665,43.6713,43.6588,43.6653,43.6709,43.67,43.685,43.6974,43.6945,43.6924,43.7009,43.708,43.7257,43.731,43.7255,43.7249,43.7384,43.7391,43.724,43.7186,43.7322,43.7265,
96.8549,83.1869,68.6682,60.4883,58.3564,54.8767,53.163,51.6203,50.6469,49.7505,49.4339,49.1605,48.8428,48.4255,47.988,47.6039,47.4538,47.0259,47.0278,46.4212,46.2966,45.7396,45.5775,45.5582,45.2718,45.3547,45.3984,45.4198,45.4391,45.3145,45.2925,45.1793,45.1853,45.1545,45.2559,45.259,45.1323,44.9956,44.9929,45.071,45.0051,45.0516,44.9563,44.8845,44.8005,44.8486,44.8314,44.7288,44.7072,44.6778,44.6626,44.6115,44.5798,44.591,44.5659,44.5346,44.5021,44.5743,44.6096,44.4872,44.5339,44.5147,44.515,44.4556,44.4719,44.4632,44.4706,44.4599,44.4275,44.4225,44.4188,44.391,44.3371,44.3412,44.2989,44.3103,44.2804,44.2645,44.2224,44.2213,44.1962,44.2259,44.2224,44.2282,44.1979,44.1779,44.1579,44.1306,44.1057,44.0895,44.1083,44.1201,44.0795,44.0477,44.0184,44.0315,44.0867,44.0446,43.986,43.967,43.9534,43.8929,43.9162,43.8818,43.8287,43.8599,43.8639,43.9216,43.9273,43.9208,43.8866,43.892,43.9226,43.9611,43.9378,43.9597,43.9203,43.906,43.8738,43.8659,43.8842,43.8454,43.8671,43.8574,43.8211,43.8209,43.8267,43.8352,43.8265,43.8483,43.8823,43.8611,43.8188,43.8197,43.8654,43.8766,43.8657,43.8705,43.8514,43.8474,43.8104,43.8063,43.8034,43.7762,43.7911,43.7697,43.7441,43.7418,43.7544,43.7438,43.7786,43.7832,43.7882,43.811,43.8003,43.803,43.8163,43.804,43.8036,43.795,43.7969,43.7739,43.7643,43.7446,43.7522,43.7375,43.7435,43.7403,43.7314,43.7507,43.7379,43.7499,43.7468,43.7458,43.7373,43.7565,43.7388,43.7389,43.7312,43.6942,43.7127,43.7039,43.7309,43.7444,43.7332,43.7406,43.7519,43.754,43.7525,43.7406,43.7419,43.7484,43.7514,43.7417,43.7404,43.7411,43.7088,43.7172,43.7064,43.6935,43.7158,43.7107,43.6841,43.6803,43.6541,43.6506,43.647,43.6506,43.6392,43.6499,43.6609,43.6614,43.6385,43.6284,43.6382,43.656,43.644,43.6211,43.6139,43.6028,43.5979,43.5805,43.5762,43.5614,43.557,43.5601,43.5447,43.5281,43.5369,43.5215,43.5267,43.5293,43.54,43.5395,43.5357,43.5403,43.5327,43.5306,43.5312,43.5348,43.5359,43.5438,43.5481,43.5442,43.5748,43.5689,43.56,43.5528,43.5438,43.5352,43.5272,43.4847,43.4782,43.4942,43.498,43.4796,43.4774,43.4804,43.4804,43.4785,43.4671,43.4908,43.4897,43.4526,43.4617,43.4674,43.4686,43.4554,43.4653,43.4698,43.4736,43.4875,43.4908,43.4947,43.4848,43.4832,43.4973,43.4978,43.4906,43.4886,43.4845,43.5079,43.5031,43.506,43.5027,43.4893,43.4836,43.4822,43.4776,43.4739,43.4699,43.4694,43.4748,43.4888,43.4778,43.4821,43.4747,43.4612,43.4643,43.4704,43.4602,
96.8549,86.8015,74.3861,67.0965,56.2767,53.0636,52.1463,50.6135,49.8895,49.5582,49.3598,49.1319,48.6349,48.3224,47.9403,47.8561,47.6486,47.5199,46.4883,46.2874,46.0439,45.8993,45.6849,45.7373,45.7571,45.6486,45.6546,45.5059,45.482,45.3478,45.4005,45.3029,45.1877,45.0945,44.9803,45.002,44.8845,45.0346,45.0144,45.0335,45.0215,44.9925,45.0123,44.9957,44.9885,45.0038,45.078,44.983,44.8752,44.8733,44.8335,44.8738,44.8223,44.7834,44.6879,44.7589,44.7664,44.7772,44.7538,44.7246,44.6269,44.5619,44.5283,44.5088,44.5286,44.5555,44.5225,44.4718,44.5319,44.4955,44.5284,44.4751,44.4034,44.3798,44.4339,44.4555,44.4216,44.407,44.4083,44.4066,44.3723,44.3317,44.2907,44.2878,44.3322,44.2727,44.2464,44.1898,44.1816,44.1618,44.1321,44.0849,44.0957,44.0934,44.1276,44.0779,44.0955,44.0987,44.0899,44.1043,44.1189,44.1193,44.1496,44.1333,44.1598,44.1664,44.1336,44.1484,44.132,44.1264,44.1421,44.1235,44.1226,44.1544,44.1489,44.1461,44.129,44.1321,44.1293,44.15,44.1238,44.1028,44.1195,44.1207,44.0716,44.0799,44.059,44.0611,44.0385,44.0358,44.0182,44.0092,43.9842,43.9624,44.0124,44.0202,44.0068,44.0041,43.9717,43.9628,43.9522,43.9571,43.948,43.9841,43.9361,43.8911,43.8983,43.9056,43.9135,43.9305,43.9191,43.9253,43.9406,43.9367,43.9294,43.957,43.9537,43.9557,43.9847,43.9966,43.9712,44.0063,44.0032,44.0151,43.9785,43.9777,43.964,43.9248,43.9063,43.9058,43.8868,43.8792,43.861,43.8465,43.8729,43.8669,43.8474,43.8631,43.8488,43.8538,43.8305,43.8147,43.7973,43.8109,43.7894,43.7837,43.7616,43.7565,43.7513,43.7399,43.746,43.7696,43.7725,43.775,43.7826,43.7965,43.787,43.7831,43.7571,43.7381,43.7353,43.7343,43.735,43.7337,43.7338,43.7303,43.7421,43.7586,43.7502,43.757,43.7469,43.7316,43.73,43.738,43.7378,43.742,43.7277,43.717,43.7269,43.7078,43.7042,43.7081,43.7137,43.7115,43.6869,43.6805,43.6838,43.6957,43.6767,43.6723,43.6802,43.6814,43.6839,43.6873,43.673,43.6632,43.6727,43.6821,43.6836,43.6864,43.683,43.6895,43.6922,43.6904,43.6933,43.7098,43.6901,43.6992,43.6905,43.6704,43.6752,43.6595,43.6431,43.6309,43.6344,43.6352,43.6321,43.6395,43.6438,43.6549,43.6411,43.6596,43.6704,43.671,43.6693,43.6638,43.6722,43.6873,43.6941,43.6717,43.6775,43.6796,43.6819,43.684,43.6913,43.6991,43.6902,43.7067,43.7005,43.6948,43.6872,43.7086,43.6951,43.6949,43.6902,43.6932,43.7047,43.7096,43.7203,43.7204,43.7231,43.7188,43.7164,43.7281,43.7282,43.7291,43.7292,43.7316,43.7463,43.7577,43.761,
96.8549,88.7849,77.4542,71.4127,64.8531,62.7557,58.2869,55.2071,51.8544,50.8977,50.0369,48.6691,48.7334,48.3861,47.8336,47.5491,47.3348,47.4068,46.9399,46.4971,46.5167,46.6783,46.5132,46.0535,45.883,45.8829,45.8975,45.8266,45.7587,45.7895,45.7258,45.522,45.5042,45.49,45.4786,45.3623,45.3706,45.193,45.0632,45.0168,44.9226,44.8954,44.7873,44.7195,44.6786,44.6273,44.6193,44.6099,44.6502,44.5685,44.5292,44.4593,44.3537,44.3746,44.4021,44.4069,44.4129,44.355,44.2986,44.2964,44.2686,44.2996,44.3074,44.36,44.3361,44.3476,44.3821,44.2913,44.3148,44.3125,44.2732,44.306,44.2931,44.241,44.2419,44.2152,44.2777,44.2587,44.2326,44.2419,44.2276,44.1715,44.1918,44.1647,44.1205,44.076,44.0685,44.0505,44.093,44.0452,44.0172,44.0098,44.0112,43.9952,43.9646,43.9674,43.9552,43.9247,43.913,43.9314,43.9332,43.9267,43.9018,43.9058,43.8944,43.8843,43.8958,43.9204,43.9282,43.9186,43.8838,43.8739,43.8662,43.8543,43.8516,43.8213,43.8371,43.8406,43.8295,43.8553,43.8328,43.8299,43.7803,43.7459,43.7136,43.7295,43.76,43.6911,43.6982,43.6987,43.7142,43.7025,43.7112,43.7028,43.7131,43.6905,43.676,43.6613,43.702,43.7104,43.7357,43.7597,43.7595,43.7631,43.7305,43.7558,43.7443,43.7436,43.7535,43.7321,43.7503,43.7389,43.7389,43.7292,43.7244,43.6898,43.6757,43.675,43.6486,43.6465,43.6539,43.6366,43.6825,43.696,43.6878,43.6879,43.6826,43.693,43.681,43.6877,43.6934,43.719,43.6989,43.713,43.7084,43.712,43.7272,43.7295,43.7274,43.7179,43.7242,43.7186,43.6929,43.7194,43.7216,43.7172,43.7465,43.7741,43.7774,43.7685,43.7693,43.7475,43.7392,43.7303,43.7423,43.7521,43.7486,43.747,43.7533,43.761,43.7703,43.7739,43.7626,43.7621,43.7637,43.7626,43.769,43.7698,43.743,43.7343,43.722,43.711,43.7259,43.7187,43.7221,43.7332,43.7318,43.7245,43.7123,43.7171,43.6946,43.6994,43.7126,43.7134,43.7141,43.7153,43.7083,43.7181,43.7087,43.7067,43.7399,43.7228,43.7206,43.7174,43.718,43.7147,43.7104,43.7068,43.7028,43.6962,43.6932,43.6904,43.6853,43.6765,43.6899,43.6811,43.6961,43.6823,43.6747,43.6783,43.6763,43.6716,43.6766,43.6714,43.6739,43.6637,43.6348,43.6356,43.6291,43.6337,43.6319,43.6222,43.6182,43.6314,43.636,43.6437,43.6342,43.6429,43.6427,43.6297,43.6326,43.6336,43.6386,43.6308,43.6325,43.634,43.621,43.628,43.6463,43.6462,43.6314,43.6353,43.6493,43.6503,43.6375,43.6384,43.6344,43.6341,43.6396,43.6556,43.6496,43.6293,43.628,43.627,43.6235,43.6226,43.623,43.6298,43.6161,43.606,43.5993,
96.8549,79.4845,66.59,61.9772,59.0927,57.7452,54.5504,52.6576,51.3499,50.4251,48.6633,48.2361,48.2556,48.0167,47.653,47.349,47.197,47.1242,47.0266,46.7501,46.4514,46.2968,46.1644,46.1236,46.0958,46.1155,46.0656,45.9893,46.1287,46.1281,46.0634,45.9075,45.8779,45.7535,45.7496,45.6619,45.2642,45.1394,45.149,45.1552,44.9874,44.873,45.0007,44.9513,44.8143,44.8023,44.7914,44.7714,44.7496,44.7633,44.6019,44.466,44.5136,44.547,44.5032,44.3846,44.4273,44.3997,44.3553,44.4239,44.452,44.4095,44.4807,44.4931,44.4538,44.4861,44.4922,44.5069,44.5937,44.5865,44.5032,44.4538,44.5135,44.5514,44.5341,44.5292,44.4837,44.4737,44.4153,44.4009,44.3856,44.3416,44.3709,44.3696,44.3484,44.3987,44.4243,44.3792,44.3517,44.2912,44.3191,44.2156,44.2614,44.2564,44.257,44.2086,44.1801,44.1749,44.1464,44.1796,44.17,44.1486,44.1419,44.106,44.0819,44.0785,44.0739,44.0621,44.0795,44.0716,44.0805,44.0691,44.1149,44.0717,44.0349,43.9796,43.9938,43.9823,43.9912,44.011,44.0267,44.0431,44.0379,44.0427,43.9978,44.0183,44.0154,43.9973,43.9976,44.0037,44.0074,44.0364,44.0028,44.0108,44.0156,43.997,43.9547,43.9615,43.9634,43.9619,43.9581,43.941,43.927,43.9436,43.9323,43.9419,43.9496,43.9309,43.9325,43.9023,43.8925,43.8995,43.8728,43.8564,43.8815,43.8952,43.9019,43.9204,43.9335,43.9104,43.8752,43.8659,43.8801,43.8813,43.8787,43.8726,43.8747,43.8754,43.8715,43.853,43.8795,43.8833,43.8626,43.8573,43.847,43.8487,43.8354,43.8299,43.8211,43.8176,43.8068,43.8164,43.797,43.7529,43.7315,43.7138,43.7287,43.7239,43.7074,43.7035,43.6964,43.6886,43.6937,43.695,43.6899,43.698,43.6732,43.6686,43.6656,43.6698,43.6807,43.6898,43.6847,43.6728,43.6871,43.674,43.692,43.6929,43.6709,43.6475,43.6666,43.6433,43.6399,43.649,43.6608,43.6784,43.6554,43.6432,43.6514,43.6594,43.6635,43.6376,43.637,43.6404,43.6415,43.6486,43.6426,43.6285,43.6369,43.6422,43.6255,43.6233,43.6143,43.6197,43.6084,43.6163,43.6107,43.6023,43.6256,43.6272,43.6281,43.633,43.6151,43.6164,43.6182,43.6246,43.6392,43.6505,43.6661,43.6735,43.6806,43.7084,43.7123,43.718,43.7181,43.7273,43.7359,43.6962,43.684,43.6901,43.6851,43.6865,43.683,43.6709,43.665,43.6718,43.6704,43.6772,43.6793,43.6739,43.6734,43.6794,43.6739,43.6635,43.6595,43.6711,43.6696,43.6689,43.6676,43.6528,43.6583,43.6721,43.6653,43.6677,43.6604,43.6681,43.6586,43.6622,43.6691,43.6662,43.6657,43.6792,43.6775,43.6553,43.6562,43.664,43.6691,43.6773,43.6852,43.6934,43.6987,
96.8549,79.8235,66.1859,61.3006,58.641,53.046,51.242,50.8579,50.6066,49.6581,49.2548,48.3501,47.9583,47.5731,47.6575,47.3755,47.1675,46.7892,46.5684,46.612,46.4296,46.1789,45.922,45.7582,45.634,45.6798,45.493,45.2509,45.186,45.2063,45.2167,45.2528,45.1012,45.0448,45.1591,44.9903,44.918,44.8645,44.8036,44.7501,44.8077,44.8078,44.6973,44.7092,44.6562,44.6526,44.6435,44.6294,44.6489,44.508,44.4126,44.3523,44.4127,44.4109,44.329,44.3473,44.338,44.3179,44.366,44.3751,44.3626,44.351,44.373,44.3291,44.3127,44.3246,44.3153,44.2366,44.2604,44.1953,44.1685,44.1609,44.1452,44.1531,44.0699,44.0407,44.0593,44.0315,44.052,44.0566,44.0358,44.0029,43.9974,43.9533,43.9928,43.9583,43.9769,43.8709,43.8813,43.8662,43.8224,43.8352,43.8641,43.8071,43.8042,43.7938,43.7938,43.8019,43.792,43.7726,43.7324,43.6842,43.6856,43.7035,43.7093,43.7445,43.8025,43.7665,43.7574,43.776,43.7561,43.758,43.7202,43.7195,43.7308,43.7263,43.7235,43.7098,43.6951,43.7161,43.7364,43.7326,43.7007,43.6999,43.6963,43.6748,43.67,43.6881,43.6897,43.6592,43.6764,43.6747,43.6965,43.6953,43.7064,43.6742,43.6769,43.6685,43.6838,43.7094,43.6827,43.6797,43.6995,43.704,43.7254,43.7199,43.7319,43.6992,43.6832,43.682,43.6746,43.6459,43.5756,43.5805,43.5686,43.5745,43.5607,43.5622,43.5926,43.6006,43.5879,43.5755,43.5656,43.5509,43.55,43.53,43.5107,43.5023,43.5037,43.4763,43.439,43.448,43.4563,43.436,43.4526,43.4288,43.4497,43.4376,43.4362,43.4294,43.4223,43.4073,43.3952,43.4048,43.4253,43.419,43.4229,43.4109,43.4398,43.4181,43.4035,43.3918,43.4164,43.4288,43.4289,43.4358,43.435,43.4179,43.4099,43.3881,43.381,43.3614,43.3575,43.3556,43.3669,43.3496,43.3274,43.3209,43.3205,43.3151,43.3097,43.3176,43.3278,43.3024,43.3066,43.2765,43.2753,43.2784,43.2914,43.306,43.315,43.3177,43.3205,43.2971,43.3007,43.3245,43.338,43.3458,43.3366,43.3353,43.3408,43.3225,43.315,43.3057,43.3434,43.3369,43.3257,43.3278,43.3163,43.3036,43.3056,43.2997,43.3163,43.299,43.2891,43.3017,43.3155,43.3191,43.3186,43.3166,43.3012,43.2813,43.2745,43.2539,43.2631,43.2669,43.2685,43.267,43.2487,43.2409,43.2594,43.2447,43.2443,43.245,43.247,43.2369,43.2431,43.2289,43.2336,43.2454,43.2347,43.2268,43.2329,43.2323,43.2321,43.2273,43.228,43.2288,43.2354,43.2369,43.2477,43.2427,43.2399,43.2535,43.2642,43.271,43.2782,43.2779,43.2756,43.2719,43.2735,43.2701,43.277,43.2864,43.2895,43.3034,43.3133,43.3151,43.3157,43.3106,43.3187,
96.8549,81.7656,68.4624,62.9937,58.906,56.1145,52.8418,51.3584,50.7451,50.1527,49.1239,48.2213,47.6778,47.3685,47.3232,47.3048,47.2316,47.0708,46.8819,46.6503,46.5371,46.4866,46.3884,46.266,46.0904,45.8117,45.8651,45.6439,45.534,45.4624,45.2811,45.3699,45.3491,45.4745,45.4444,45.2385,45.1799,45.2299,45.3141,45.2278,45.1612,45.2068,45.0211,45.0729,45.0998,45.0814,44.9573,44.9692,44.9462,44.9274,44.8467,44.9123,44.8238,44.7398,44.8018,44.8357,44.8487,44.8653,44.8484,44.8555,44.7549,44.5885,44.617,44.5505,44.4732,44.5195,44.4877,44.4346,44.3287,44.3261,44.2989,44.2729,44.3165,44.2987,44.3056,44.3151,44.3583,44.3456,44.3933,44.3701,44.4059,44.4068,44.3782,44.3959,44.3451,44.3159,44.2943,44.3393,44.2707,44.2506,44.2853,44.2498,44.2104,44.2015,44.1701,44.1896,44.2285,44.1252,44.1413,44.0947,44.0979,44.0676,44.0525,44.0153,44.0506,44.06,44.0629,44.0654,44.078,44.0644,44.0752,44.0615,44.0331,44.0324,44.0561,44.0506,44.0285,44.0472,44.0549,44.0556,44.0542,44.0791,44.038,44.0348,44.0071,44.0169,43.9997,43.9779,44.0061,44.0035,43.9954,43.9738,43.9725,43.9758,43.9683,43.9752,43.9921,44.002,44.017,44.0316,44.0001,44.0095,43.997,43.9984,44.0016,43.9994,44.0159,44.0365,44.0281,44.0214,44.0192,44.0413,44.0098,44.0072,44.0228,44.0479,44.0577,44.065,44.0839,44.0722,44.0696,44.0783,44.1008,44.0973,44.1064,44.1079,44.1348,44.1385,44.1345,44.1411,44.1359,44.137,44.1124,44.0784,44.07,44.067,44.0476,44.0446,44.0383,44.0349,44.0178,44.0502,44.0604,44.0495,44.0371,44.0423,44.0876,44.0778,44.0724,44.0419,44.0665,44.0532,44.0606,44.0469,44.0462,44.0652,44.0583,44.0461,44.0396,44.0313,44.0039,44.0059,44.0037,44.0089,44.0017,43.9976,44.0135,44.009,44.0194,44.0042,43.9955,43.9722,43.9925,44.0039,44.0087,44.0162,44.0154,44.0128,44.0167,44.0109,44.0042,43.9861,43.9734,43.9837,43.9624,43.9341,43.9228,43.9485,43.9381,43.9532,43.9614,43.9517,43.9569,43.962,43.969,43.9561,43.9562,43.9656,43.9772,43.9692,43.9739,43.9868,43.9882,43.9867,43.9925,44.0171,44.0369,44.0248,44.0321,44.0276,44.0174,44.007,43.9929,43.9927,43.993,43.9838,43.9821,43.9729,43.9658,43.9687,43.9637,43.9651,43.9609,43.9642,43.9564,43.9604,43.9577,43.9605,43.9406,43.961,43.9408,43.9289,43.927,43.9349,43.9493,43.9476,43.9403,43.952,43.9343,43.9236,43.9116,43.9054,43.9181,43.9151,43.9077,43.9076,43.9042,43.9096,43.8926,43.8936,43.9049,43.8875,43.8799,43.8769,43.8724,43.874,43.8736,43.8437,43.8436,43.8397,43.8385,
96.8549,80.8253,65.8549,61.5145,58.2853,56.0055,55.1375,54.2853,52.9153,52.0814,51.7838,51.2748,50.7999,48.6726,48.8004,47.8401,47.5723,47.2484,47.0803,46.4257,46.7108,46.4332,46.5619,46.4949,46.3397,45.604,45.4765,45.5342,45.6484,45.6103,45.5914,45.5606,45.6441,45.625,45.4436,45.4131,45.3982,45.3361,45.2659,45.2332,45.1465,45.0352,44.9438,44.6518,44.6892,44.6977,44.7378,44.7336,44.6941,44.6474,44.5741,44.6215,44.7567,44.7929,44.7576,44.7584,44.7714,44.7325,44.7153,44.7649,44.8402,44.8762,44.8884,44.7834,44.7393,44.7341,44.7396,44.7405,44.7245,44.7051,44.6773,44.6525,44.6507,44.6317,44.634,44.6192,44.5998,44.5941,44.5406,44.5062,44.5411,44.5477,44.5477,44.5221,44.5091,44.4833,44.5035,44.5143,44.5212,44.5474,44.5557,44.4415,44.4593,44.4534,44.4244,44.4173,44.3957,44.3351,44.3515,44.3457,44.2538,44.2535,44.2204,44.1939,44.1382,44.1035,44.1074,44.0675,44.0381,44.0209,43.9871,43.9843,43.9577,43.9706,43.9602,43.9262,43.9233,43.8816,43.881,43.875,43.8651,43.875,43.8862,43.8171,43.8113,43.7535,43.7411,43.7075,43.6547,43.6579,43.6312,43.6163,43.6091,43.6173,43.6254,43.622,43.6218,43.6441,43.6378,43.6357,43.657,43.6644,43.6381,43.6474,43.6431,43.6491,43.6228,43.5901,43.5813,43.5945,43.5833,43.5831,43.6005,43.6117,43.6248,43.6192,43.6046,43.6075,43.6033,43.6112,43.5972,43.6039,43.6186,43.6525,43.6231,43.6049,43.6145,43.6059,43.6277,43.6214,43.6339,43.6585,43.623,43.6283,43.5926,43.5827,43.5451,43.5428,43.5206,43.5263,43.5347,43.5602,43.5375,43.5372,43.5467,43.5523,43.5494,43.5397,43.5391,43.5119,43.5333,43.5483,43.5396,43.5416,43.553,43.5475,43.5303,43.5168,43.5064,43.5016,43.4775,43.492,43.4911,43.4862,43.4947,43.4999,43.509,43.5058,43.5062,43.4981,43.5081,43.5011,43.4951,43.4959,43.495,43.4976,43.5224,43.5193,43.5135,43.5275,43.5364,43.5411,43.555,43.5389,43.5317,43.5165,43.5095,43.4861,43.4833,43.4955,43.4869,43.491,43.4864,43.484,43.5002,43.5063,43.5162,43.5186,43.5097,43.5174,43.5288,43.5216,43.4976,43.5046,43.5143,43.5052,43.5035,43.487,43.4828,43.4777,43.4688,43.4714,43.4857,43.4874,43.4781,43.4794,43.4908,43.4913,43.4903,43.4859,43.4706,43.4845,43.4554,43.4425,43.4352,43.4589,43.4328,43.4253,43.421,43.4082,43.4043,43.3949,43.4053,43.4128,43.4073,43.4122,43.4157,43.415,43.4159,43.4276,43.4158,43.422,43.4303,43.4248,43.4246,43.4314,43.4454,43.4564,43.4753,43.4741,43.4829,43.4911,43.4955,43.4946,43.4949,43.4995,43.5114,43.5058,43.4997,43.5041,43.4992,
96.8549,72.9174,65.0446,59.034,57.3677,54.5272,52.4621,51.7262,50.9428,49.7184,48.6938,48.5064,48.2781,48.4334,48.2917,47.801,47.6969,47.5994,47.0314,46.9032,46.672,46.4344,46.1108,45.9776,45.8772,45.8592,45.7218,45.404,45.0816,45.018,44.9592,44.9909,44.9223,44.9286,45.0026,45.014,44.8974,44.9209,44.8451,44.8405,44.8308,44.8859,44.8645,44.8167,44.8279,44.8205,44.8248,44.7955,44.7961,44.8005,44.7914,44.8014,44.7639,44.6957,44.6766,44.6864,44.6207,44.6156,44.7075,44.6622,44.6359,44.5422,44.5554,44.4667,44.4684,44.5068,44.5221,44.5444,44.6185,44.5473,44.5673,44.5623,44.6039,44.5524,44.4855,44.4239,44.3725,44.3727,44.3783,44.3379,44.3586,44.3438,44.3504,44.3545,44.3192,44.2942,44.282,44.2958,44.279,44.3091,44.3497,44.3694,44.3453,44.3996,44.3583,44.3292,44.3535,44.3281,44.3528,44.374,44.3604,44.3367,44.3098,44.335,44.331,44.3262,44.3322,44.3025,44.31,44.2819,44.2522,44.2327,44.2127,44.2285,44.2402,44.201,44.2133,44.1722,44.1798,44.1632,44.1845,44.2,44.1828,44.164,44.1685,44.154,44.1708,44.1581,44.1592,44.1457,44.1583,44.1524,44.168,44.1533,44.1307,44.0875,44.0801,44.0901,44.0475,44.0267,44.0141,44.04,44.0233,44.0132,44.0058,43.9835,43.954,43.9687,43.9603,43.9644,43.9639,43.9732,43.9973,44.0008,43.9918,43.9963,43.9875,43.9896,44.0027,44.0192,44.0367,44.0196,44.0077,43.9755,43.9582,43.9774,43.9559,43.9482,43.9461,43.942,43.9164,43.9002,43.9288,43.9253,43.9111,43.9155,43.9186,43.9017,43.8997,43.9146,43.9296,43.9357,43.9501,43.9549,43.9366,43.964,43.9698,43.9768,43.9899,43.9829,43.9742,43.9707,43.9767,43.9688,43.9807,43.9782,43.9667,43.9455,43.9426,43.9666,43.976,43.9522,43.9471,43.9355,43.9026,43.8824,43.8781,43.8707,43.8853,43.8672,43.8631,43.8556,43.8684,43.8702,43.886,43.8775,43.8675,43.8494,43.8465,43.841,43.8572,43.8572,43.8511,43.8537,43.8455,43.8383,43.8425,43.8247,43.8354,43.8531,43.8596,43.8422,43.8478,43.8503,43.8584,43.8544,43.8594,43.8421,43.8464,43.8306,43.8253,43.8181,43.8115,43.8282,43.8302,43.8398,43.8508,43.84,43.8408,43.8513,43.8233,43.8099,43.817,43.8183,43.814,43.8135,43.8207,43.8287,43.8316,43.8404,43.8432,43.8514,43.8468,43.8383,43.8501,43.846,43.8468,43.8431,43.834,43.8317,43.8282,43.8276,43.7984,43.8114,43.7928,43.8239,43.8272,43.8112,43.824,43.8277,43.8347,43.8388,43.8431,43.8329,43.8233,43.8162,43.8236,43.8263,43.8317,43.8158,43.829,43.8291,43.8315,43.8376,43.8382,43.8442,43.8453,43.8362,43.8461,43.8353,43.8262,
96.8549,78.1319,70.1942,62.0462,55.9072,54.2881,52.8829,52.2854,51.6914,50.5524,49.9858,49.5775,49.081,48.6211,48.4143,48.0096,47.8813,47.9103,47.7728,47.58,47.188,47.1173,47.1395,47.1593,47.0748,47.012,47.0501,46.8449,46.1617,46.0215,45.9282,45.6997,45.5915,45.6077,45.4658,45.387,45.2693,45.1584,45.0583,45.093,45.0685,45.0357,44.9623,44.9127,44.924,44.8878,44.7593,44.7457,44.6,44.5749,44.4727,44.4378,44.3994,44.4176,44.4038,44.4331,44.5293,44.4898,44.5614,44.5299,44.5662,44.562,44.5106,44.444,44.4227,44.4041,44.3303,44.3014,44.2702,44.286,44.2801,44.2678,44.2231,44.2069,44.2437,44.275,44.2605,44.2837,44.2719,44.2799,44.2467,44.2814,44.2302,44.2884,44.2683,44.3496,44.3784,44.3965,44.3666,44.322,44.2764,44.3002,44.2831,44.2822,44.2825,44.2395,44.234,44.2002,44.2372,44.2589,44.2356,44.234,44.2445,44.2109,44.1045,44.1062,44.0908,44.0634,44.0521,44.02,44.0374,44.0295,43.984,43.966,43.982,43.978,43.9849,43.9693,43.9675,44.0219,44.0273,44.0569,44.0565,44.0556,44.0626,44.0642,44.0885,44.077,44.0532,44.0534,44.0676,44.0484,44.009,44.0154,43.9968,43.9805,43.9933,43.9747,43.9413,43.9205,43.9166,43.8986,43.9174,43.8959,43.9344,43.9172,43.9338,43.9026,43.8999,43.9025,43.9161,43.8909,43.866,43.8767,43.8523,43.8404,43.8139,43.8157,43.8066,43.7878,43.7765,43.7983,43.8146,43.7891,43.8122,43.8207,43.8373,43.8439,43.862,43.8578,43.8558,43.8344,43.8335,43.8345,43.8318,43.8336,43.8404,43.8449,43.8549,43.8771,43.8713,43.8542,43.8208,43.8233,43.8394,43.8272,43.8395,43.8287,43.8474,43.8554,43.845,43.8635,43.8522,43.8575,43.8409,43.8712,43.8839,43.8874,43.8815,43.8923,43.8702,43.883,43.8556,43.8433,43.869,43.8844,43.8846,43.8931,43.8812,43.8828,43.8883,43.8827,43.879,43.8538,43.8447,43.8486,43.8536,43.842,43.8462,43.8404,43.83,43.8195,43.8144,43.8171,43.8225,43.8311,43.828,43.8196,43.8215,43.8345,43.8385,43.8393,43.8439,43.8395,43.8484,43.8224,43.811,43.8196,43.8212,43.8265,43.8502,43.844,43.8495,43.849,43.8611,43.8541,43.8542,43.8552,43.855,43.8583,43.8579,43.859,43.872,43.8648,43.8542,43.8638,43.8534,43.8553,43.8704,43.8819,43.8879,43.8883,43.884,43.8687,43.8672,43.8769,43.8385,43.8382,43.8447,43.8307,43.8257,43.8031,43.7988,43.7729,43.7749,43.761,43.759,43.7611,43.7473,43.7462,43.7508,43.7634,43.7836,43.7882,43.7888,43.7785,43.7778,43.7904,43.7904,43.7968,43.7881,43.7778,43.7723,43.764,43.7767,43.7807,43.7671,43.762,43.7402,43.7429,43.7321,
96.8549,78.1251,66.3395,61.0678,56.68,54.5087,52.8133,50.6716,50.0445,49.4054,48.8146,48.5188,47.8031,47.4954,47.0684,47.1239,46.8484,46.7836,46.5793,46.5661,46.4575,46.3254,46.0762,46.0349,45.7546,45.6164,45.6543,45.46,45.373,45.3195,45.3343,45.3079,45.3038,45.2582,45.2085,45.1585,45.1636,45.0436,44.9856,44.8837,44.7387,44.699,44.7096,44.6545,44.6985,44.6521,44.6735,44.7387,44.7841,44.631,44.5953,44.6014,44.5698,44.5703,44.4972,44.5175,44.5041,44.4725,44.4549,44.4203,44.458,44.3902,44.352,44.2325,44.2,44.2221,44.2286,44.2298,44.2175,44.2411,44.3003,44.297,44.2947,44.2115,44.2048,44.187,44.2264,44.2003,44.1879,44.1776,44.1919,44.2065,44.2121,44.2434,44.2199,44.2215,44.271,44.2725,44.2837,44.284,44.3153,44.3393,44.3252,44.2618,44.2384,44.2221,44.2768,44.2639,44.2411,44.2236,44.1368,44.1513,44.1562,44.2003,44.2173,44.2227,44.2259,44.2602,44.2531,44.2628,44.2647,44.2579,44.2525,44.2285,44.2081,44.1935,44.191,44.1692,44.1298,44.1551,44.1819,44.1488,44.1713,44.1513,44.1322,44.159,44.1732,44.0986,44.086,44.0482,44.0405,44.0445,44.0565,44.0525,44.0004,44.0073,44.0362,44.0405,44.0569,44.0525,44.0275,44.0229,44.0218,44.0276,44.02,43.9246,43.8955,43.8486,43.8501,43.8297,43.8408,43.8146,43.8167,43.8402,43.8264,43.8077,43.8038,43.8289,43.7849,43.7827,43.7586,43.7534,43.7417,43.7502,43.7538,43.7266,43.7329,43.7342,43.7364,43.7322,43.7423,43.7368,43.7416,43.7553,43.7452,43.7327,43.7513,43.738,43.742,43.7363,43.7489,43.7409,43.7387,43.7263,43.735,43.7358,43.7455,43.743,43.7337,43.7465,43.7322,43.7361,43.7339,43.7348,43.7258,43.7192,43.725,43.7505,43.7555,43.7384,43.7269,43.7249,43.7195,43.7261,43.7283,43.7304,43.7471,43.7613,43.7709,43.7728,43.767,43.7663,43.7581,43.7651,43.7674,43.7658,43.7653,43.7627,43.752,43.766,43.787,43.7427,43.7565,43.781,43.7748,43.7547,43.7534,43.7292,43.7098,43.7022,43.6912,43.6749,43.6837,43.6619,43.6526,43.634,43.6351,43.6316,43.6289,43.653,43.6666,43.6632,43.665,43.6735,43.6712,43.6901,43.6886,43.6789,43.6759,43.6769,43.6642,43.6643,43.6569,43.6678,43.6685,43.6488,43.6605,43.6315,43.6228,43.6322,43.6242,43.6533,43.6463,43.6281,43.6187,43.6064,43.6057,43.6252,43.5991,43.6082,43.6153,43.6103,43.6136,43.6053,43.6046,43.6054,43.6011,43.5728,43.5868,43.579,43.5758,43.574,43.5663,43.5707,43.5715,43.5703,43.5849,43.5884,43.5776,43.5572,43.5589,43.5563,43.5524,43.5562,43.561,43.5615,43.5559,43.5643,43.5632,43.5766,43.5818,
96.8549,81.1903,65.72,61.4865,57.9291,56.0744,54.0557,52.0138,51.1679,50.5431,50.1105,48.9969,48.9466,48.1893,47.6177,47.1897,46.9198,46.9311,46.4429,46.6707,46.6249,46.5616,46.437,46.3035,45.9838,45.7975,45.6952,45.604,45.5988,45.5323,45.4597,45.432,45.3852,45.3831,45.247,45.1688,45.1421,44.9822,44.9746,44.9997,44.971,44.8204,44.695,44.5543,44.5471,44.4577,44.4491,44.4575,44.4788,44.4008,44.3873,44.3731,44.3848,44.3618,44.4054,44.4553,44.3462,44.3694,44.3799,44.3206,44.38,44.2426,44.2189,44.2019,44.192,44.1599,44.1566,44.1176,44.1037,44.1549,44.1671,44.137,44.1277,44.0422,44.0106,44.0322,44.0481,44.069,44.0212,44.0184,44.0209,44.0719,44.1469,44.1155,44.0776,44.0741,44.059,44.1109,44.1219,44.0694,44.1113,44.0771,44.1377,44.0985,44.1033,44.1083,44.0997,44.0878,44.1192,44.1198,44.0742,44.0956,44.1054,44.1626,44.1441,44.0979,44.086,44.0944,44.0744,44.0529,44.0586,44.01,44.0407,44.0288,44.018,44.0104,43.9606,43.9714,43.9767,43.9662,43.97,43.9431,43.9337,43.9105,43.9495,43.9326,43.917,43.9111,43.9057,43.9123,43.9173,43.9037,43.8949,43.8687,43.8645,43.8798,43.8905,43.8587,43.8394,43.8315,43.7787,43.7578,43.7282,43.7352,43.7592,43.7681,43.7513,43.7629,43.7683,43.7667,43.782,43.7872,43.7875,43.8066,43.8202,43.8191,43.8316,43.8194,43.7922,43.7757,43.7328,43.7139,43.6979,43.7129,43.7072,43.7087,43.7407,43.727,43.7298,43.7396,43.7213,43.7339,43.7252,43.7222,43.7481,43.7441,43.7728,43.7463,43.7151,43.7314,43.7376,43.7547,43.7448,43.7569,43.7607,43.7472,43.7471,43.7602,43.7668,43.7712,43.7756,43.7737,43.7923,43.7785,43.7772,43.7659,43.7561,43.7481,43.7569,43.7578,43.7572,43.7709,43.7643,43.7602,43.7559,43.7761,43.7743,43.7645,43.7695,43.7607,43.745,43.717,43.7144,43.6967,43.6872,43.6858,43.6691,43.6632,43.6603,43.6698,43.6799,43.6872,43.6998,43.6841,43.6787,43.6599,43.6756,43.6677,43.6589,43.6639,43.6581,43.6573,43.6633,43.6574,43.6611,43.6497,43.6374,43.6301,43.6491,43.6165,43.6314,43.6237,43.6073,43.6252,43.6255,43.6188,43.6159,43.6071,43.6174,43.6297,43.6384,43.6464,43.6261,43.6099,43.622,43.6223,43.6293,43.6432,43.6369,43.6168,43.6148,43.6033,43.5977,43.5982,43.5972,43.6117,43.6079,43.5961,43.5953,43.5928,43.5986,43.6018,43.5699,43.5569,43.5507,43.549,43.5361,43.5585,43.5594,43.5466,43.5518,43.5528,43.5589,43.564,43.5768,43.5822,43.5907,43.5977,43.5986,43.5961,43.5776,43.592,43.6022,43.6105,43.6129,43.6044,43.6007,43.5979,43.6018,43.5873,43.5739,
96.8549,75.2135,66.1159,58.0307,55.3919,52.8301,51.3969,50.8428,49.5988,48.6438,48.1701,48.2543,47.3393,47.1624,47.0627,46.8008,46.3045,46.1835,46.3033,46.4275,46.4179,46.397,46.1901,46.069,46.172,46.1893,46.0136,46.0327,45.8788,45.8596,45.9864,45.9632,45.8576,45.6992,45.8036,45.7186,45.6888,45.6783,45.5982,45.5941,45.5415,45.4715,45.3945,45.4182,45.3267,45.2682,45.2975,45.2745,45.2578,45.286,45.2429,45.1959,45.0846,44.9844,44.9462,44.9211,44.8738,44.7805,44.7916,44.7114,44.6608,44.5009,44.4238,44.3661,44.3167,44.3117,44.3437,44.3124,44.3287,44.2816,44.1799,44.1446,44.18,44.1806,44.1882,44.1537,44.2193,44.1856,44.2003,44.2294,44.2099,44.2291,44.2585,44.2457,44.2381,44.1701,44.1462,44.1152,44.1383,44.0872,44.1125,44.1163,44.1166,44.0739,44.1008,44.1187,44.116,44.1152,44.1376,44.1145,44.052,44.028,44.0357,44.0503,44.0745,44.048,44.0674,44.0838,44.0835,44.0461,44.0389,44.0327,44.0386,44.0578,44.0409,44.0183,44.0329,44.0324,44.0487,44.0291,44.0366,44.0196,44.0598,44.0402,44.0179,43.9934,43.9799,43.9694,43.977,44.0102,44.012,43.9572,43.9776,43.9637,43.938,43.9413,43.9345,43.9094,43.8924,43.869,43.8726,43.8666,43.8827,43.8624,43.8271,43.8336,43.8126,43.7756,43.7496,43.7359,43.7281,43.7643,43.7743,43.7195,43.7154,43.7108,43.6633,43.6911,43.6758,43.684,43.6634,43.6684,43.6691,43.7191,43.7107,43.7002,43.6904,43.6813,43.6798,43.6725,43.6861,43.6782,43.6945,43.6837,43.6911,43.692,43.6851,43.69,43.6707,43.6713,43.6744,43.6461,43.6488,43.6412,43.652,43.6323,43.6175,43.612,43.5946,43.5899,43.599,43.5762,43.5959,43.5755,43.5746,43.5702,43.5714,43.5857,43.5946,43.6065,43.5997,43.6106,43.6057,43.6218,43.6115,43.6174,43.609,43.5991,43.5958,43.6306,43.6509,43.6449,43.6442,43.6317,43.6325,43.6316,43.674,43.6697,43.6793,43.6963,43.6981,43.6787,43.6813,43.6719,43.6741,43.6814,43.6848,43.6823,43.6836,43.6832,43.669,43.6772,43.6946,43.6983,43.6711,43.6823,43.6803,43.6579,43.6531,43.6522,43.6635,43.654,43.6491,43.6326,43.6352,43.6192,43.6156,43.6153,43.6162,43.6341,43.6376,43.6357,43.6217,43.6299,43.639,43.6338,43.6127,43.612,43.6078,43.6127,43.606,43.606,43.5993,43.6025,43.6054,43.6019,43.6048,43.6018,43.6053,43.611,43.5968,43.6013,43.5777,43.5855,43.5991,43.6086,43.6054,43.589,43.6012,43.5998,43.6071,43.6098,43.6128,43.6301,43.6367,43.6334,43.6296,43.6286,43.6226,43.6173,43.624,43.6304,43.6332,43.6269,43.6266,43.6314,43.6339,43.6278,43.6287,43.6105,43.6239,
