96.8549,73.4093,65.7326,61.1296,55.1971,54.1079,51.6402,51.2582,51.0103,50.5028,49.772,48.9328,48.7831,48.4164,47.9329,47.8566,47.4256,47.1584,46.5886,46.6133,46.4644,46.2039,46.1424,46.1383,45.8489,45.7208,45.7114,45.6622,45.5958,45.5943,45.5129,45.3951,45.4149,45.6588,45.6053,45.2796,45.2765,45.2356,45.22,45.1897,45.1981,45.0422,45.0521,45.0542,45.0932,45.0583,44.957,44.8914,44.7591,44.7478,44.5978,44.4617,44.4712,44.418,44.3594,44.3441,44.3205,44.299,44.3305,44.1739,44.1611,44.162,44.1749,44.2713,44.279,44.3051,44.2453,44.2549,44.2685,44.3792,44.3998,44.3214,44.2597,44.3016,44.2683,44.2982,44.2845,44.3059,44.3769,44.3807,44.3537,44.3404,44.3083,44.295,44.3701,44.2947,44.3221,44.1749,44.1752,44.148,44.1288,44.1201,44.1048,44.0162,43.9867,43.9889,44.0211,43.9884,43.9474,43.9334,43.93,43.9661,43.9308,43.9567,43.9744,43.9897,43.9971,44.028,44.0215,44.0375,44.0302,44.0523,43.9966,43.9669,43.9993,43.9737,43.9679,43.9395,43.9305,43.9343,43.888,43.7839,43.8206,43.8223,43.7231,43.6978,43.7097,43.7416,43.7566,43.6891,43.6565,43.6364,43.6087,43.5977,43.5959,43.5829,43.5961,43.6044,43.5869,43.6308,43.62,43.6438,43.5904,43.627,43.6339,43.647,43.6503,43.6698,43.6545,43.6255,43.6342,43.6365,43.6339,43.6115,43.6053,43.5938,43.585,43.5707,43.5904,43.6314,43.6533,43.6448,43.6565,43.6609,43.6738,43.6839,43.6882,43.6718,43.6742,43.6868,43.677,43.6669,43.6684,43.6705,43.653,43.648,43.6083,43.5946,43.5874,43.5866,43.59,43.6165,43.6173,43.6147,43.6135,43.5965,43.5718,43.5768,43.5809,43.5626,43.5473,43.5261,43.5239,43.5308,43.5225,43.5273,43.5408,43.5404,43.5428,43.5494,43.5598,43.5414,43.5354,43.5274,43.5251,43.5277,43.5334,43.5236,43.5494,43.5633,43.5604,43.567,43.5804,43.5842,43.5904,43.5942,43.5869,43.5852,43.5951,43.6096,43.6011,43.5924,43.5963,43.5885,43.6065,43.6036,43.6176,43.6311,43.6255,43.6174,43.6283,43.6175,43.6246,43.6219,43.6292,43.6388,43.6446,43.6453,43.6176,43.6173,43.5955,43.5846,43.6084,43.6027,43.603,43.5998,43.5947,43.5796,43.5609,43.5516,43.5484,43.5511,43.5388,43.5386,43.5292,43.5322,43.5287,43.5424,43.54,43.5328,43.537,43.526,43.5085,43.5051,43.4875,43.4838,43.4886,43.4896,43.4755,43.472,43.464,43.4721,43.4832,43.4875,43.4898,43.4954,43.511,43.511,43.5004,43.5057,43.519,43.5215,43.5086,43.5006,43.5107,43.5258,43.5328,43.5312,43.5383,43.5396,43.5199,43.5395,43.5324,43.5438,43.5515,43.5331,43.5355,43.5356,43.5308,43.5293,43.5306,
96.8549,81.4893,66.5779,60.5746,55.3959,54.0794,51.9708,51.1571,50.7616,50.0794,49.3467,49.035,48.5915,47.9783,47.3493,46.9437,46.7795,46.6913,46.7083,46.7098,46.5509,46.4357,46.4792,46.4172,46.4695,46.4441,46.4492,46.3686,46.118,46.0095,45.8728,45.7734,45.786,45.8473,45.8794,45.8316,45.8635,45.8576,45.8829,45.8993,45.8942,45.7748,45.805,45.7393,45.7432,45.6588,45.6116,45.6137,45.6317,45.624,45.5896,45.6465,45.5249,45.451,45.46,45.4371,45.3635,45.4194,45.442,45.4201,45.3961,45.4025,45.3185,45.2773,45.2492,45.2617,45.2353,45.2584,45.2816,45.2186,45.1689,45.1348,45.0767,45.019,45.0492,45.0721,45.0374,45.0813,45.1031,45.1089,45.0866,45.0428,45.0941,45.0827,44.9954,44.9323,44.8291,44.7959,44.7449,44.706,44.6861,44.7317,44.7137,44.725,44.7196,44.7287,44.7605,44.7508,44.7311,44.7097,44.6809,44.6598,44.563,44.5489,44.5457,44.5152,44.503,44.4753,44.4484,44.4472,44.3811,44.4184,44.405,44.4058,44.4063,44.4013,44.3693,44.377,44.3567,44.345,44.3339,44.3442,44.3085,44.291,44.3044,44.2921,44.2913,44.2811,44.2678,44.2706,44.2318,44.2212,44.2244,44.2108,44.2147,44.24,44.2524,44.231,44.2431,44.2107,44.1902,44.1652,44.1863,44.1906,44.2085,44.2161,44.1839,44.1694,44.1606,44.1351,44.138,44.1218,44.0711,44.1034,44.1037,44.1112,44.1182,44.1293,44.1263,44.1711,44.1447,44.1079,44.0797,44.0699,44.0548,44.0595,44.048,44.0585,44.0603,44.0301,44.0383,44.0267,44.0122,44.0187,44.0045,43.9604,43.9662,44.0152,44.0095,44.0128,44.0109,44.0103,44.0131,44.0225,44.0514,44.0198,44.0238,44.0241,44.0355,44.0452,44.0457,44.0384,44.036,44.0321,44.0213,43.9856,44.0036,43.98,43.9996,43.9903,43.9593,43.919,43.9271,43.9533,43.9704,43.9587,43.9694,43.9611,43.9423,43.9572,43.9415,43.9345,43.9401,43.931,43.9351,43.9268,43.9002,43.9048,43.9187,43.9103,43.895,43.9068,43.9002,43.894,43.902,43.9041,43.9062,43.8759,43.8941,43.8715,43.8641,43.8562,43.8503,43.8398,43.8518,43.8685,43.8572,43.8465,43.8555,43.8672,43.8696,43.8613,43.8584,43.8781,43.8729,43.8618,43.8682,43.862,43.8573,43.8469,43.8403,43.8439,43.8476,43.8552,43.8585,43.8494,43.8538,43.8592,43.8608,43.8608,43.8627,43.8627,43.8593,43.8388,43.8231,43.7982,43.7771,43.7851,43.775,43.7755,43.7735,43.7735,43.7617,43.758,43.7474,43.7599,43.763,43.7666,43.7658,43.7649,43.7469,43.7364,43.7256,43.7156,43.713,43.7063,43.7101,43.7017,43.7003,43.6905,43.6918,43.7028,43.7083,43.7313,43.7307,43.7442,43.7529,43.749,43.7456,43.7561,43.7589,
96.8549,73.0241,62.3974,57.628,54.8447,53.5063,52.6151,51.5104,50.54,50.051,49.6811,49.5363,49.0896,48.4818,48.0445,47.7464,47.3861,47.3459,46.6764,46.6296,46.5299,46.2668,45.6611,45.7748,45.5745,45.428,45.476,45.3682,45.1691,45.0837,45.0618,44.9081,45.0552,45.0337,45.0053,44.9882,44.9661,44.9011,44.759,44.7087,44.6374,44.4864,44.4524,44.5315,44.5766,44.6334,44.5894,44.5534,44.4057,44.4029,44.3509,44.3586,44.3631,44.3003,44.3281,44.3344,44.3084,44.316,44.2795,44.234,44.2488,44.1822,44.1662,44.0708,44.1109,44.0549,44.1206,44.1071,44.0669,44.0808,44.082,44.0873,44.0594,44.0565,44.0797,44.0463,44.0464,44.0828,44.0622,44.0399,44.0686,44.0363,44.0214,44.0314,44.042,44.0414,43.9815,44.0009,44.0175,43.9938,43.9955,43.9965,43.9813,43.9535,43.9855,43.955,43.9682,43.9872,43.9786,43.9779,43.9548,43.9663,43.9495,43.9683,44.002,44.0086,44.0366,44.012,44.0402,44.0403,44.0056,43.9726,43.9686,43.9446,43.9538,43.9368,43.9203,43.8766,43.8749,43.898,43.8896,43.833,43.8726,43.8744,43.8146,43.8176,43.7974,43.7831,43.7721,43.7615,43.7773,43.7922,43.783,43.786,43.7948,43.8319,43.8467,43.8512,43.8517,43.8108,43.798,43.7921,43.8112,43.8308,43.8129,43.8359,43.8828,43.8832,43.8695,43.8725,43.8547,43.8568,43.8257,43.7965,43.7846,43.7791,43.7716,43.7548,43.755,43.7598,43.7629,43.7729,43.7979,43.8109,43.8292,43.8486,43.8627,43.8564,43.8402,43.838,43.85,43.8969,43.9023,43.904,43.9065,43.9191,43.9281,43.9276,43.9142,43.8988,43.9022,43.8945,43.8784,43.8654,43.8965,43.8796,43.8471,43.8254,43.8282,43.8413,43.8371,43.8267,43.8233,43.8329,43.831,43.8438,43.8505,43.8528,43.854,43.8392,43.8494,43.8561,43.8731,43.8717,43.8695,43.8505,43.8467,43.8426,43.8376,43.825,43.8321,43.8333,43.8265,43.846,43.8397,43.853,43.8728,43.8684,43.8642,43.869,43.896,43.885,43.8709,43.8684,43.8857,43.8893,43.909,43.9023,43.8881,43.8881,43.8951,43.8903,43.8863,43.8749,43.8948,43.9005,43.8931,43.9162,43.929,43.9307,43.9282,43.9206,43.9126,43.9188,43.9264,43.9103,43.8881,43.9006,43.8921,43.9061,43.9016,43.8952,43.8939,43.9038,43.9155,43.9044,43.8992,43.9104,43.9069,43.9083,43.9029,43.9067,43.9008,43.8956,43.8943,43.8788,43.8776,43.8829,43.8837,43.8765,43.8818,43.8803,43.8841,43.8883,43.8945,43.8945,43.8852,43.9,43.8947,43.8926,43.8869,43.8879,43.9137,43.913,43.908,43.9106,43.8919,43.8902,43.8942,43.8862,43.8904,43.8896,43.9022,43.9049,43.9058,43.9091,43.9097,43.9283,43.9304,43.9357,43.9316,
96.8549,79.4722,68.3581,66.4003,63.8624,60.119,57.7346,56.8651,56.6513,54.4167,53.2527,50.7268,50.3524,49.5862,47.965,47.6909,47.6007,47.5343,47.5383,47.1964,46.9888,46.675,46.6461,46.7559,46.6985,46.1908,46.1675,45.8782,45.7503,45.7002,45.7132,45.5426,45.4048,45.5076,45.2353,45.223,44.9897,45.0404,45.0875,45.0306,45.0171,45.0886,45.1842,45.1138,45.1334,45.0905,44.9921,44.9548,44.9999,45.0158,44.9075,44.8358,44.8103,44.7094,44.6094,44.6629,44.6377,44.7046,44.7252,44.7218,44.6706,44.6738,44.6731,44.7347,44.7065,44.6826,44.6854,44.7081,44.6379,44.6378,44.6215,44.6157,44.6349,44.6146,44.57,44.5421,44.5201,44.5453,44.536,44.5365,44.5332,44.48,44.4623,44.4967,44.4946,44.4923,44.4786,44.4961,44.5123,44.4771,44.4452,44.4553,44.4438,44.4224,44.3585,44.3619,44.3294,44.3356,44.3469,44.2623,44.2975,44.2645,44.2814,44.3503,44.3492,44.3366,44.2705,44.2846,44.2809,44.2739,44.1953,44.1749,44.1221,44.1201,44.1323,44.1246,44.1254,44.1085,44.1148,44.0807,44.0758,44.0896,44.0878,44.0723,44.0616,44.0528,44.0609,44.0656,44.0333,43.9842,43.9629,43.9334,43.9392,43.8951,43.8861,43.9033,43.9112,43.9184,43.9525,43.9537,43.9339,43.9351,43.9032,43.8503,43.8277,43.849,43.8356,43.8374,43.8528,43.8431,43.863,43.8551,43.8402,43.8469,43.8535,43.8695,43.8182,43.8028,43.8067,43.8007,43.7818,43.7868,43.789,43.8009,43.778,43.7752,43.7694,43.7568,43.7355,43.7388,43.7435,43.7512,43.7629,43.7637,43.7672,43.7667,43.7517,43.7659,43.7792,43.7744,43.7669,43.7757,43.7908,43.7848,43.7593,43.7525,43.7483,43.752,43.7418,43.755,43.7322,43.7562,43.7541,43.7529,43.7634,43.7642,43.7664,43.7666,43.738,43.7374,43.7388,43.7254,43.7114,43.7087,43.7216,43.7097,43.7111,43.7156,43.7133,43.7173,43.7173,43.7422,43.756,43.7687,43.7801,43.8,43.8169,43.8293,43.8218,43.8131,43.8046,43.8149,43.8032,43.8097,43.8041,43.8013,43.8039,43.8118,43.8121,43.8155,43.8003,43.7837,43.7783,43.7946,43.7991,43.782,43.7871,43.7722,43.7712,43.7595,43.7524,43.7559,43.7649,43.776,43.7595,43.7559,43.7427,43.7317,43.7283,43.72,43.715,43.7215,43.7246,43.7126,43.6915,43.7008,43.7044,43.7071,43.7356,43.7305,43.7337,43.7449,43.7457,43.7495,43.7547,43.7458,43.7372,43.7412,43.7659,43.7598,43.7496,43.7448,43.7481,43.7314,43.7247,43.7416,43.7441,43.7349,43.7446,43.7412,43.7504,43.7569,43.7589,43.7421,43.7289,43.7234,43.7226,43.712,43.7175,43.719,43.7117,43.7163,43.7205,43.7144,43.7068,43.696,43.693,43.691,43.6876,43.6969,43.6963,
96.8549,72.5665,67.5066,66.6916,61.8685,59.5983,56.6194,52.3891,51.4336,51.3018,50.7954,50.5192,49.9292,48.8822,49.0009,48.5125,47.6163,47.5332,47.0255,46.7943,46.8212,46.3427,46.2928,46.138,46.0444,45.7007,45.6578,45.7425,45.8552,45.7902,45.6602,45.5459,45.4871,45.3311,45.3503,45.3677,45.3093,45.1983,45.2303,45.3477,45.2655,45.2969,45.3754,45.2857,45.0893,44.9671,45.006,45.0264,44.9799,44.9484,44.8759,44.8402,44.6659,44.6389,44.614,44.5943,44.6595,44.697,44.7327,44.7043,44.6812,44.6412,44.6206,44.6986,44.6628,44.6364,44.7063,44.704,44.6621,44.6689,44.6865,44.6809,44.6519,44.5942,44.6222,44.5926,44.5832,44.5759,44.5986,44.5822,44.5119,44.5325,44.4892,44.4915,44.4896,44.436,44.4982,44.4941,44.5123,44.4817,44.4965,44.4512,44.4332,44.4282,44.4257,44.3886,44.3732,44.3018,44.2421,44.226,44.2725,44.2792,44.2695,44.2704,44.2876,44.2606,44.1803,44.1627,44.1304,44.1075,44.108,44.0664,44.0683,44.0035,43.995,44.0037,44.0137,44.0226,44.0476,44.0207,44.0639,44.077,44.1164,44.1516,44.171,44.1078,44.1463,44.1201,44.1056,44.0803,44.0721,44.0921,44.0923,44.0823,44.0808,44.0973,44.0928,44.0788,44.0557,44.065,44.0548,44.0333,43.9949,43.9513,43.9483,43.96,43.9566,43.9609,43.9455,43.9373,43.943,43.9492,43.9497,43.9104,43.9004,43.9256,43.9342,43.9352,43.9374,43.9318,43.897,43.88,43.8976,43.897,43.902,43.8994,43.909,43.9106,43.9097,43.8967,43.9001,43.8829,43.8761,43.8714,43.8763,43.873,43.8774,43.8626,43.8784,43.8935,43.8808,43.8758,43.884,43.8895,43.8843,43.9021,43.9026,43.9076,43.9072,43.9097,43.9283,43.9249,43.9239,43.9106,43.9107,43.8952,43.9077,43.9304,43.9305,43.9092,43.9343,43.9324,43.9318,43.9224,43.8926,43.8971,43.896,43.8967,43.8957,43.8731,43.8808,43.8761,43.8663,43.8674,43.8612,43.8502,43.8598,43.8691,43.86,43.8523,43.849,43.8545,43.8466,43.8288,43.8038,43.7871,43.7866,43.7815,43.7681,43.7865,43.7936,43.7842,43.7547,43.7656,43.7578,43.7825,43.8005,43.7993,43.7931,43.7783,43.7906,43.7788,43.7791,43.7696,43.7925,43.7959,43.7947,43.7731,43.7665,43.7629,43.7611,43.75,43.7541,43.7672,43.7671,43.7627,43.746,43.7356,43.7354,43.7381,43.7393,43.7351,43.7311,43.7351,43.7371,43.7488,43.7673,43.7832,43.7917,43.7857,43.7714,43.7878,43.7833,43.7801,43.7776,43.7934,43.7919,43.7726,43.7799,43.7829,43.7914,43.7899,43.7961,43.7886,43.7951,43.7951,43.7962,43.8021,43.8033,43.8082,43.7994,43.7498,43.7494,43.7298,43.7303,43.7113,43.6878,43.6863,43.6866,43.6726,43.6819,
96.8549,77.2193,66.108,61.0395,58.9594,54.8752,52.71,51.3785,50.3576,49.9467,49.3466,48.8586,48.7664,48.5067,48.3501,48.15,47.7346,47.4044,47.1088,46.9902,46.6874,46.6341,46.6505,46.5255,46.5491,46.492,46.473,46.5514,46.3481,46.1892,46.1806,46.0426,46.0451,45.989,45.9608,45.8985,45.7898,45.7011,45.5748,45.5282,45.3853,45.2721,45.2452,45.1292,45.1076,45.084,45.1549,45.2435,45.2056,45.1608,45.2202,45.1146,45.0466,44.9702,44.956,44.947,44.9426,44.8928,44.8201,44.7417,44.727,44.6798,44.6321,44.6605,44.67,44.6979,44.6401,44.5846,44.5102,44.4874,44.4396,44.4172,44.4506,44.4869,44.4959,44.444,44.444,44.4119,44.2851,44.2544,44.2967,44.3094,44.2903,44.2592,44.2436,44.2596,44.2939,44.2491,44.2614,44.2094,44.1986,44.1861,44.1714,44.2039,44.1755,44.1896,44.1471,44.1055,44.0923,44.0805,44.0784,44.1048,44.0976,44.0468,44.025,44.0627,44.0326,44.0461,44.0474,44.045,44.0872,44.0869,44.1623,44.1366,44.1556,44.1656,44.1321,44.083,44.0929,44.1106,44.1047,44.0936,44.0436,44.04,44.0517,44.0299,44.0172,43.9999,43.9698,43.9612,43.9522,43.9602,43.9683,43.9069,43.9202,43.9014,43.903,43.9118,43.9206,43.9381,43.9086,43.9152,43.9242,43.9284,43.977,43.99,44.0438,44.0188,44.0244,43.9664,43.9674,44.001,43.9765,43.972,43.9359,43.9306,43.9311,43.9473,43.9767,43.9716,43.9408,43.9242,43.9352,43.9411,43.9695,43.9851,43.9932,43.9892,44.0434,43.9752,44.0337,44.0246,44.012,44.0174,44.0192,44.0109,44.0181,44.0192,44.0013,43.9933,43.9847,43.9698,43.9659,43.9647,43.9684,43.9588,43.9626,43.9636,43.9731,43.974,43.9559,43.9509,43.9477,43.9503,43.948,43.932,43.9349,43.9396,43.943,43.9382,43.9374,43.9321,43.9569,43.9516,43.949,43.9326,43.9391,43.9328,43.9325,43.9655,43.945,43.9498,43.9416,43.9519,43.9294,43.9545,43.9528,43.9401,43.9257,43.945,43.9459,43.9234,43.9259,43.9284,43.9202,43.9379,43.9486,43.935,43.9079,43.9139,43.9207,43.9226,43.9186,43.9285,43.8954,43.881,43.8638,43.8665,43.8666,43.8726,43.8613,43.852,43.8588,43.8468,43.83,43.8298,43.8474,43.8625,43.8717,43.8608,43.8622,43.8621,43.8613,43.8509,43.8421,43.8467,43.8494,43.8479,43.8449,43.8466,43.856,43.8464,43.8096,43.8194,43.8027,43.7809,43.7936,43.7958,43.7842,43.7893,43.7957,43.8261,43.8229,43.8045,43.8082,43.8204,43.8285,43.8313,43.8346,43.8248,43.8164,43.8234,43.8184,43.8136,43.8306,43.8341,43.8339,43.8392,43.8433,43.8531,43.8443,43.8318,43.8351,43.8361,43.8413,43.8214,43.827,43.8399,43.8385,43.8438,43.8542,
96.8549,71.861,64.8652,59.5391,54.5077,53.4471,52.2616,50.9592,50.596,50.1991,49.6467,48.8675,47.9199,47.4992,47.0779,47.0297,46.6482,46.6201,46.5565,46.534,46.4407,46.2272,46.0449,46.1147,45.9579,45.8194,45.6732,45.4345,45.4321,45.3278,45.3674,45.3872,45.4058,45.3467,45.2512,45.1396,45.2225,45.1113,45.0708,45.0635,44.9846,44.955,44.9602,44.8706,44.9031,44.8668,44.7854,44.7315,44.8524,44.861,44.8967,44.9365,44.8644,44.7708,44.7213,44.7719,44.6082,44.5854,44.5162,44.4951,44.3996,44.3534,44.2689,44.2967,44.3883,44.3898,44.3008,44.2621,44.2721,44.2937,44.2883,44.3361,44.382,44.3949,44.4193,44.4342,44.4467,44.3678,44.3791,44.4052,44.416,44.3806,44.3795,44.3773,44.367,44.3704,44.355,44.3245,44.2937,44.304,44.3024,44.2892,44.2855,44.2653,44.2497,44.2596,44.2684,44.2452,44.2298,44.2273,44.2317,44.2646,44.2787,44.2442,44.2389,44.2446,44.231,44.2031,44.1498,44.1312,44.1228,44.1087,44.1111,44.0826,44.0889,44.1271,44.1255,44.157,44.1332,44.0951,44.07,44.0587,44.0207,43.9975,43.99,43.9999,44.022,44.031,44.0546,44.0675,44.0422,44.0196,44.0368,44.0224,44.0361,44.0181,43.9795,43.9858,43.9685,43.9755,43.9899,43.9684,43.9604,43.9853,43.9895,43.9927,43.9989,44.0126,44.0279,44.0348,44.027,44.0092,44.0288,44.0393,44.0327,44.0245,44.0192,43.9966,44.0097,44.0135,43.9955,44.0237,44.0077,44.0143,44.0005,43.9741,43.9975,44.0002,44.0011,44.0404,44.0159,43.995,43.9896,44.0105,44.0154,44.0442,44.0543,44.0509,44.0331,44.0409,44.0327,44.0354,44.0325,44.0402,44.0545,44.0262,44.0385,44.0394,44.0089,44.0092,44.0141,44.0145,44.0305,44.0389,44.0196,44.0339,44.0119,44.0083,43.9805,43.9744,43.9684,43.9612,43.9384,43.9382,43.9254,43.9208,43.9149,43.9119,43.9098,43.9013,43.9,43.8754,43.8612,43.8723,43.8518,43.8513,43.8741,43.8671,43.867,43.8531,43.8444,43.8508,43.8491,43.8417,43.8426,43.8495,43.8357,43.8337,43.8456,43.8437,43.8506,43.8499,43.8442,43.8421,43.8541,43.8522,43.8428,43.8337,43.8183,43.8238,43.8171,43.7766,43.774,43.792,43.8039,43.8017,43.8094,43.8061,43.8061,43.8095,43.8087,43.8106,43.8235,43.8388,43.8228,43.8325,43.8625,43.8724,43.8614,43.8546,43.8623,43.8619,43.8805,43.9004,43.8887,43.8883,43.887,43.8848,43.9122,43.9265,43.9274,43.9206,43.9094,43.9043,43.9071,43.9271,43.9175,43.9156,43.9051,43.8975,43.8923,43.8966,43.9145,43.9138,43.8979,43.9034,43.9095,43.907,43.9043,43.9015,43.903,43.9044,43.9,43.8942,43.8885,43.9017,43.8917,43.8814,43.8781,43.8837,43.8805,
96.8549,77.6924,66.1455,61.588,57.0128,55.026,53.6627,52.4091,51.6842,51.1129,50.8763,50.3111,50.0557,49.9736,49.8674,49.7879,49.3896,49.0961,48.621,48.418,48.1736,48.1572,48.3179,47.5429,47.1273,46.5656,46.4261,46.2318,45.8913,45.865,45.9003,45.6221,45.5006,45.3201,45.2494,45.2295,45.3492,45.3081,45.2309,45.1957,45.0578,45.0087,45.0055,45.0042,45.0741,45.0954,45.0305,45.0492,44.9463,44.8843,44.9206,44.6983,44.6499,44.6021,44.5634,44.5006,44.5816,44.5412,44.3862,44.293,44.2669,44.2129,44.2135,44.2654,44.2338,44.3165,44.245,44.2684,44.2294,44.1953,44.1648,44.1631,44.1386,44.1911,44.2106,44.2216,44.2115,44.1526,44.1769,44.1527,44.1461,44.1139,44.1124,44.1012,44.0683,44.0812,44.0705,44.0935,44.0473,43.9942,43.9608,43.9442,43.9353,43.9432,43.977,43.9201,43.8919,43.8711,43.817,43.7316,43.751,43.7724,43.7325,43.7139,43.6682,43.6848,43.6752,43.6609,43.7229,43.7394,43.7175,43.7066,43.6962,43.6773,43.6793,43.6502,43.6118,43.6674,43.6415,43.6677,43.6648,43.6588,43.6594,43.6517,43.6425,43.6213,43.6479,43.6476,43.6142,43.5869,43.5794,43.5951,43.6209,43.6343,43.6176,43.6128,43.6111,43.5674,43.5958,43.586,43.5805,43.6257,43.644,43.6707,43.6773,43.6891,43.6972,43.7005,43.7577,43.7375,43.7523,43.7416,43.7369,43.7378,43.7245,43.6903,43.6488,43.6616,43.6645,43.6698,43.6642,43.6651,43.6615,43.6613,43.644,43.6569,43.6663,43.6575,43.6348,43.6568,43.6591,43.6537,43.6395,43.6311,43.6569,43.6881,43.6962,43.6779,43.6727,43.6805,43.6726,43.6774,43.658,43.6518,43.6586,43.6795,43.6739,43.6624,43.6613,43.6757,43.688,43.7191,43.7187,43.7229,43.7281,43.7293,43.7377,43.7357,43.7407,43.7542,43.7508,43.7554,43.7503,43.764,43.7743,43.7643,43.7631,43.7667,43.7684,43.762,43.7545,43.7652,43.766,43.7656,43.7808,43.7904,43.7291,43.735,43.7368,43.715,43.7016,43.7071,43.6987,43.6725,43.6755,43.6724,43.6722,43.6756,43.6782,43.6979,43.6952,43.6899,43.6695,43.6432,43.6324,43.6352,43.6318,43.64,43.648,43.6433,43.6463,43.663,43.6636,43.6673,43.6665,43.6565,43.6405,43.6586,43.7021,43.6994,43.7181,43.7332,43.7387,43.7421,43.7351,43.7276,43.7268,43.7025,43.6949,43.6837,43.6622,43.6734,43.6759,43.6842,43.6798,43.686,43.6823,43.6825,43.6612,43.6529,43.6486,43.6426,43.6432,43.6569,43.6523,43.6451,43.6338,43.6472,43.644,43.6496,43.6419,43.6109,43.5883,43.5904,43.5909,43.6063,43.6016,43.5952,43.5928,43.5875,43.5922,43.5999,43.6034,43.5909,43.5979,43.5831,43.5917,43.571,43.566,43.5724,43.5699,
96.8549,77.7694,71.0137,61.0748,58.7757,56.3213,53.3742,51.8338,51.1798,50.2568,49.9038,48.9404,48.6982,48.5511,48.1308,48.0524,47.7872,47.6352,47.6463,47.5582,47.278,47.0385,46.9037,46.7639,46.6475,46.475,46.5938,46.5642,46.3834,46.2777,46.179,46.1363,46.0875,45.886,45.7913,45.7658,45.8249,45.8675,45.855,45.8181,45.8473,45.7517,45.7202,45.7069,45.6291,45.624,45.5542,45.4989,45.4617,45.42,45.5113,45.53,45.6069,45.5499,45.5446,45.5162,45.4384,45.3462,45.3273,45.2277,45.2719,45.2496,45.2878,45.2562,45.1705,45.1574,45.1497,45.1195,45.1674,45.1199,45.1345,45.0992,45.0572,45.0489,45.0051,45.0048,44.9795,44.9818,44.995,45.0126,44.9881,45.0147,45.0135,45.0319,45.0098,44.9946,44.9901,44.9762,44.9717,44.9922,44.9268,44.9302,44.9529,44.9555,44.8424,44.8299,44.8253,44.8161,44.7943,44.7503,44.7046,44.6433,44.654,44.632,44.592,44.6421,44.6266,44.6105,44.5851,44.5598,44.5846,44.5503,44.5117,44.5078,44.4708,44.4501,44.4819,44.467,44.4538,44.4658,44.4622,44.4927,44.3952,44.4058,44.361,44.3247,44.347,44.3379,44.3275,44.3125,44.3084,44.3178,44.3464,44.3597,44.2891,44.2945,44.3168,44.2926,44.2842,44.2669,44.2517,44.2431,44.2279,44.2302,44.2102,44.1919,44.191,44.1929,44.2139,44.2361,44.1956,44.1918,44.1883,44.1737,44.168,44.1754,44.173,44.1796,44.1876,44.1754,44.1683,44.1913,44.213,44.2055,44.1815,44.1937,44.1767,44.1725,44.1681,44.182,44.1561,44.1249,44.1073,44.0925,44.094,44.104,44.1122,44.0926,44.0895,44.058,44.0691,44.0507,44.0348,44.0417,44.0318,44.0013,43.9549,43.9466,43.9652,44.0006,43.9936,44.0048,44.0008,43.9934,43.9801,43.9806,43.9954,43.9841,43.9982,43.9845,43.9906,43.9878,43.9973,43.9975,44.0211,44.0397,44.0349,44.053,44.0489,44.0457,44.0351,44.0266,44.0151,44.0228,44.0279,44.018,44.0075,44.0058,44.0104,43.9777,43.9799,43.9821,43.9703,43.9708,44.0071,44.0269,44.0216,44.0499,44.0313,44.0175,44.0195,44.0283,44.0378,44.0327,44.042,44.025,44.0017,44.0045,44.0147,44.0342,44.0261,44.0177,44.0231,44.0254,44.017,44.0284,44.0454,44.0268,44.0243,44.023,44.0212,44.0282,44.0326,44.0236,44.0174,44.0135,44.014,44.0228,44.0297,44.0268,44.0366,44.0457,44.046,44.0332,44.0572,44.0571,44.0477,44.053,44.0554,44.0604,44.0547,44.0574,44.0467,44.0438,44.0399,44.0416,44.0369,44.057,44.0081,44.0296,44.0192,44.0153,44.015,44.0243,44.0113,44.011,44.0145,43.998,44.0078,44.0079,44.0064,44.0135,43.998,43.9937,43.9841,43.9811,43.9858,43.987,43.9871,43.9809,43.9735,
96.8549,75.1619,64.136,61.067,59.0737,54.4365,52.0088,51.4743,50.8181,49.8724,49.2351,49.254,48.5639,48.2259,47.8953,47.5157,46.9886,47.0497,46.8805,46.8722,46.8879,46.7966,46.7902,46.5179,46.5182,46.4853,46.4715,46.5442,46.4939,46.4651,46.3244,46.261,46.2708,46.2332,46.0045,45.8814,45.9567,45.9097,45.8744,45.7945,45.6913,45.6733,45.6097,45.4835,45.3827,45.4241,45.4473,45.2883,45.2499,45.2816,45.1942,45.2379,45.2221,45.3164,45.2938,45.3202,45.3411,45.1983,45.1507,45.1004,45.0772,45.0992,44.9987,45.0944,45.0703,44.9322,44.9375,44.9349,44.9309,44.8497,44.8123,44.7527,44.7577,44.686,44.6038,44.595,44.6134,44.6581,44.677,44.6769,44.6561,44.6548,44.6751,44.5945,44.5574,44.5331,44.5534,44.5674,44.5683,44.5839,44.5246,44.5326,44.5419,44.5485,44.5453,44.54,44.5603,44.5499,44.5135,44.5028,44.4743,44.4084,44.412,44.398,44.4277,44.4218,44.4306,44.406,44.4591,44.4763,44.4778,44.5068,44.4673,44.4729,44.4293,44.4254,44.4051,44.387,44.3942,44.3962,44.3735,44.3896,44.3363,44.3541,44.3494,44.3622,44.3702,44.392,44.4183,44.4166,44.4325,44.4703,44.4622,44.4148,44.4233,44.4105,44.4138,44.3937,44.4038,44.3491,44.3763,44.378,44.3718,44.3699,44.3752,44.4013,44.3672,44.3548,44.3465,44.3237,44.3278,44.3269,44.3218,44.3122,44.3032,44.2926,44.301,44.3028,44.3393,44.317,44.3102,44.3105,44.2742,44.2681,44.271,44.2751,44.2884,44.2867,44.29,44.2638,44.2763,44.2905,44.3081,44.2939,44.283,44.3088,44.3159,44.3079,44.3264,44.3185,44.3008,44.294,44.2975,44.2784,44.2697,44.275,44.2853,44.2759,44.2641,44.2632,44.2875,44.2857,44.3192,44.2994,44.3078,44.297,44.2777,44.2741,44.2361,44.2506,44.2484,44.2617,44.2566,44.2302,44.2125,44.2007,44.2137,44.209,44.2354,44.1964,44.1886,44.194,44.1995,44.1927,44.2052,44.1871,44.2019,44.2102,44.2065,44.2051,44.1707,44.1573,44.1451,44.1422,44.1506,44.1303,44.1205,44.1122,44.1357,44.1259,44.1188,44.1107,44.1263,44.1416,44.1359,44.1378,44.1236,44.1238,44.1347,44.129,44.1522,44.1379,44.1421,44.1427,44.1278,44.1431,44.141,44.1367,44.135,44.1278,44.1224,44.0882,44.0952,44.0723,44.0863,44.1109,44.125,44.1291,44.1218,44.1319,44.1244,44.1379,44.1492,44.137,44.151,44.1584,44.165,44.1745,44.1668,44.1618,44.1504,44.1398,44.1392,44.1476,44.1187,44.1184,44.1299,44.1286,44.1335,44.1493,44.1376,44.1431,44.1558,44.1211,44.121,44.1192,44.106,44.0846,44.0879,44.0848,44.084,44.0729,44.0667,44.0494,44.0562,44.0515,44.0512,44.0344,44.0348,44.0254,44.004,
96.8549,73.5851,67.684,60.106,57.2899,55.5652,52.3689,52.1431,51.2765,49.7449,49.0926,48.625,48.309,48.1464,47.8331,47.6324,47.8088,47.5418,47.4094,47.3547,47.0285,46.9308,46.6357,46.6025,46.3981,46.2829,46.2202,46.2655,46.1523,45.9172,45.9649,45.8732,45.8555,45.7557,45.6365,45.5408,45.4669,45.5787,45.4613,45.3972,45.3549,45.3618,45.3033,45.2124,45.2135,45.0977,45.1385,45.0786,44.9119,44.8402,44.8627,44.8537,44.8507,44.796,44.7753,44.7932,44.801,44.7427,44.7307,44.7417,44.7129,44.6678,44.6049,44.6154,44.5574,44.4803,44.416,44.3975,44.4247,44.36,44.3207,44.3573,44.3469,44.3306,44.3661,44.3401,44.2854,44.2463,44.3214,44.3256,44.345,44.3289,44.3312,44.2919,44.2938,44.2925,44.2961,44.3199,44.2989,44.2396,44.1696,44.1377,44.1058,44.0513,44.034,44.0823,44.0683,43.9896,43.9618,43.9504,43.9664,43.974,43.9338,43.9914,44.0333,44.0051,44.0109,44.0045,44.0344,44.0322,44.0244,44.0258,44.0173,43.9893,44.0129,44.0441,43.9934,43.971,43.9164,43.8871,43.8692,43.8652,43.8291,43.814,43.8017,43.8242,43.8409,43.8066,43.8306,43.8588,43.8685,43.8582,43.8494,43.8466,43.831,43.8215,43.8201,43.8518,43.8168,43.8392,43.8007,43.7611,43.764,43.764,43.8049,43.7955,43.7946,43.8058,43.816,43.8137,43.7762,43.7898,43.8111,43.807,43.8018,43.8038,43.7848,43.7894,43.7765,43.7739,43.7798,43.7835,43.752,43.7847,43.7651,43.7545,43.7812,43.8036,43.7758,43.7784,43.7907,43.8058,43.8236,43.813,43.8356,43.8342,43.8282,43.816,43.8081,43.7798,43.7589,43.7139,43.7036,43.7138,43.6989,43.715,43.739,43.7091,43.689,43.7041,43.712,43.7107,43.7203,43.7365,43.74,43.7466,43.7569,43.7749,43.7614,43.7581,43.774,43.7626,43.7638,43.7672,43.7861,43.7712,43.7568,43.7499,43.717,43.7245,43.7136,43.7103,43.7095,43.7285,43.7306,43.7304,43.7385,43.7412,43.7491,43.752,43.7665,43.7685,43.7542,43.7588,43.7586,43.7737,43.7663,43.762,43.759,43.7548,43.7559,43.7562,43.7499,43.7714,43.7934,43.7854,43.7847,43.7628,43.7629,43.7578,43.7681,43.7799,43.783,43.7797,43.7745,43.7796,43.7957,43.7886,43.7738,43.7793,43.7726,43.7684,43.7627,43.7748,43.7693,43.7565,43.7341,43.7453,43.7441,43.7345,43.728,43.7248,43.7129,43.7033,43.715,43.726,43.7258,43.7196,43.7133,43.7099,43.7173,43.7411,43.7508,43.7601,43.7595,43.7674,43.7802,43.7868,43.7857,43.7735,43.7774,43.7731,43.7541,43.7328,43.7299,43.7364,43.7328,43.73,43.7084,43.7061,43.7009,43.7012,43.699,43.7075,43.7161,43.7112,43.7111,43.7044,43.7023,43.7037,43.7071,
96.8549,73.0102,62.5323,59.7612,57.2311,54.5311,53.7062,52.9963,51.5718,50.523,49.2933,48.37,48.0635,47.5016,47.1159,46.6514,46.3524,46.2582,46.1832,46.0177,45.8257,45.6427,45.3547,45.192,45.1815,45.024,44.9501,44.8266,44.9249,44.7358,44.8052,44.6712,44.6654,44.582,44.6481,44.7214,44.768,44.7829,44.7205,44.7505,44.7571,44.7417,44.6465,44.5853,44.5723,44.5115,44.5226,44.5211,44.5714,44.491,44.4505,44.3977,44.4483,44.4313,44.3779,44.3679,44.3705,44.3016,44.3109,44.2775,44.2536,44.243,44.2248,44.2481,44.2352,44.1618,44.1777,44.2029,44.1433,44.1112,44.131,44.1844,44.1841,44.1644,44.1576,44.1698,44.1448,44.1377,44.1382,44.1175,44.1011,44.1094,44.0814,44.1026,44.0862,44.0696,44.0616,44.0406,44.0062,43.9864,43.9725,43.9573,43.9392,43.9507,43.9568,43.9802,43.9915,43.9444,43.9251,43.9291,43.9443,43.9474,43.9274,43.9122,43.9146,43.9089,43.9101,43.9432,43.9461,43.9413,43.95,43.9307,43.8976,43.9257,43.8685,43.8803,43.8936,43.8942,43.8517,43.8731,43.8945,43.8673,43.8775,43.867,43.8842,43.8986,43.8939,43.8951,43.8552,43.7657,43.785,43.7619,43.7847,43.7721,43.7934,43.7999,43.8145,43.8165,43.8172,43.7736,43.7742,43.7703,43.7731,43.764,43.76,43.7801,43.7687,43.756,43.7687,43.7627,43.7665,43.7564,43.749,43.8027,43.77,43.7853,43.7794,43.7889,43.8036,43.7946,43.7818,43.7621,43.7495,43.7478,43.7274,43.7377,43.7355,43.7123,43.7158,43.7387,43.726,43.7103,43.7083,43.7181,43.7204,43.7112,43.7317,43.7344,43.7249,43.7251,43.7216,43.7137,43.7219,43.7231,43.7364,43.7181,43.7279,43.7434,43.7505,43.7315,43.7382,43.7434,43.7505,43.7465,43.7469,43.7413,43.7275,43.7142,43.7141,43.7251,43.7325,43.7397,43.7336,43.7216,43.7187,43.7292,43.7363,43.707,43.7121,43.7178,43.7453,43.7471,43.7659,43.8026,43.7999,43.8041,43.7907,43.796,43.808,43.8066,43.8119,43.8102,43.8056,43.8027,43.7546,43.7563,43.7473,43.7358,43.727,43.6966,43.7037,43.7094,43.7041,43.6871,43.6688,43.6641,43.6446,43.6429,43.6316,43.6098,43.5946,43.5967,43.579,43.5834,43.5556,43.5547,43.546,43.5346,43.5209,43.5284,43.5165,43.5007,43.4963,43.4768,43.4731,43.4784,43.4841,43.4861,43.4907,43.4896,43.4933,43.5012,43.5066,43.5107,43.5029,43.5125,43.5232,43.5171,43.5157,43.5059,43.5026,43.5037,43.5023,43.4906,43.4945,43.4952,43.5008,43.5052,43.4912,43.4951,43.4899,43.4922,43.4869,43.4944,43.4827,43.4792,43.4842,43.4934,43.479,43.4642,43.4718,43.4843,43.4761,43.4725,43.4722,43.4519,43.4444,43.4578,43.4695,43.47,43.4777,
96.8549,75.3128,66.3787,62.831,57.234,56.7407,54.826,52.5844,51.803,51.6668,50.6976,49.8322,49.4403,48.4661,47.5416,47.5917,47.4299,47.4094,47.3666,47.1834,47.1655,47.1227,46.8791,46.7876,46.7567,46.4694,46.2498,46.3316,46.3534,46.2398,46.101,46.0284,46.0238,45.9663,45.906,45.839,45.67,45.6508,45.5824,45.5293,45.5588,45.2816,45.2267,45.2607,45.31,45.2579,45.1738,45.0462,45.0245,44.9918,45.0148,44.7982,44.7727,44.7625,44.7421,44.8293,44.7992,44.6562,44.5428,44.5562,44.5917,44.5682,44.5364,44.5307,44.5497,44.5426,44.5714,44.6071,44.6117,44.5527,44.5903,44.5818,44.5926,44.5274,44.5461,44.5524,44.5513,44.5373,44.458,44.4741,44.4638,44.4396,44.3995,44.3323,44.3245,44.3135,44.3152,44.3087,44.3266,44.3381,44.3253,44.3271,44.268,44.2785,44.26,44.2713,44.2939,44.2754,44.2671,44.2589,44.271,44.2426,44.2775,44.2627,44.2633,44.2291,44.2236,44.1797,44.1472,44.1762,44.1818,44.1774,44.184,44.1847,44.1673,44.1398,44.1557,44.1241,44.0609,44.1236,44.1023,44.094,44.0907,44.076,44.1298,44.1378,44.1672,44.1568,44.1476,44.1258,44.1261,44.117,44.1174,44.1418,44.1387,44.1505,44.1257,44.1255,44.1124,44.1086,44.0599,44.069,44.0882,44.0653,44.054,44.069,44.0966,44.0895,44.0286,44.015,43.9926,43.9924,44.0171,44.0721,44.0638,44.0523,44.0632,44.0784,44.0494,44.0408,44.0455,44.0388,43.9963,44.0213,44.0151,44.0277,44.0226,44.0332,44.0271,43.9545,43.922,43.9075,43.9016,43.8753,43.878,43.8582,43.8363,43.8309,43.8335,43.8689,43.8586,43.8694,43.8687,43.8583,43.9153,43.916,43.9194,43.9189,43.8839,43.849,43.8175,43.8221,43.8219,43.829,43.7608,43.7464,43.7427,43.7374,43.7358,43.729,43.7263,43.7084,43.7064,43.7075,43.6957,43.719,43.7121,43.7054,43.7064,43.734,43.7451,43.7391,43.7323,43.7423,43.7533,43.7496,43.7384,43.733,43.7299,43.7406,43.7271,43.7468,43.7501,43.7619,43.7423,43.7396,43.7575,43.7753,43.7856,43.7734,43.7851,43.7755,43.7677,43.7589,43.7639,43.7613,43.7622,43.7489,43.7422,43.736,43.7506,43.751,43.7587,43.7415,43.7409,43.7339,43.7413,43.7402,43.7476,43.7645,43.762,43.7705,43.7909,43.8103,43.8168,43.8246,43.8231,43.8097,43.8357,43.8279,43.8246,43.8133,43.8159,43.7919,43.8028,43.7925,43.7947,43.78,43.7928,43.7985,43.8015,43.8039,43.7926,43.7873,43.7863,43.7761,43.7844,43.8052,43.8043,43.8029,43.7997,43.8019,43.8151,43.8206,43.8089,43.8087,43.8128,43.8176,43.8188,43.817,43.8258,43.8199,43.8064,43.8051,43.7936,43.798,43.7929,43.8087,43.8213,43.8402,43.8402,
96.8549,71.2205,65.4764,58.7195,54.1062,52.5239,50.9806,50.4555,49.6868,49.358,49.173,48.3138,48.0775,47.9424,47.8343,47.8205,47.3091,47.0259,47.1714,47.0382,46.9769,46.7672,46.4282,46.18,45.977,46.0278,46.0644,45.7411,45.6443,45.6634,45.4327,45.514,45.5064,45.4403,45.3952,45.3707,45.2104,45.1966,45.1669,45.1443,45.0839,45.047,45.1426,45.0412,45.0376,45.0306,45.012,45.0099,44.9812,44.9813,44.9599,44.9551,44.9303,44.7912,44.731,44.6561,44.6549,44.6644,44.6125,44.6072,44.7247,44.7118,44.6789,44.6842,44.7075,44.6327,44.6284,44.5756,44.5456,44.518,44.5321,44.5765,44.6109,44.6135,44.6207,44.6415,44.6905,44.6963,44.6901,44.6776,44.6454,44.6318,44.6707,44.6389,44.6131,44.6081,44.6597,44.6287,44.6004,44.5939,44.5647,44.5316,44.4906,44.4872,44.498,44.5438,44.6104,44.5695,44.5388,44.4988,44.5064,44.5235,44.4988,44.4963,44.4818,44.5005,44.4503,44.4329,44.4203,44.4125,44.387,44.3548,44.3634,44.3614,44.3745,44.3075,44.3197,44.292,44.2464,44.2368,44.2229,44.23,44.2146,44.2223,44.2234,44.1703,44.14,44.1393,44.1603,44.1448,44.0918,44.0653,44.0418,44.0416,44.0491,44.0277,44.0375,44.0563,44.0355,44.0228,43.9806,43.9731,43.9759,43.9708,43.947,43.9495,43.9485,43.9448,43.9431,43.9592,44.0082,44.0005,43.9828,43.9726,43.9621,43.9565,43.9479,43.9559,43.9716,43.9785,43.9346,43.9356,43.9177,43.9195,43.916,43.9158,43.9132,43.9186,43.8845,43.8599,43.8795,43.8665,43.8454,43.8584,43.8591,43.8476,43.8622,43.8492,43.8553,43.8427,43.8448,43.8601,43.8609,43.863,43.8732,43.86,43.8676,43.8717,43.8622,43.8461,43.8201,43.8089,43.8213,43.8077,43.8176,43.8031,43.8139,43.8238,43.8099,43.8305,43.8295,43.8366,43.8348,43.8122,43.8195,43.8107,43.8017,43.8021,43.8061,43.8061,43.826,43.8191,43.8249,43.8487,43.8372,43.802,43.8002,43.778,43.7347,43.722,43.7192,43.6949,43.6793,43.6864,43.6816,43.7043,43.7041,43.7048,43.6952,43.6984,43.7038,43.6926,43.7073,43.7088,43.7289,43.7174,43.7161,43.7321,43.7351,43.7476,43.7634,43.7703,43.7778,43.7617,43.7596,43.7614,43.7621,43.7593,43.7531,43.748,43.7534,43.7414,43.7453,43.7224,43.7355,43.7246,43.7144,43.7255,43.7313,43.7443,43.7388,43.7281,43.7362,43.7468,43.756,43.7546,43.7347,43.7335,43.7195,43.7063,43.7239,43.7231,43.7196,43.7123,43.7064,43.7169,43.717,43.7088,43.7004,43.7184,43.6477,43.6596,43.6559,43.6729,43.6794,43.689,43.6959,43.67,43.698,43.6789,43.6601,43.6647,43.6535,43.6584,43.6594,43.6713,43.666,43.6761,43.668,43.6615,43.6606,
96.8549,74.6534,64.4595,58.1763,56.7888,53.7705,51.5624,50.394,48.7346,48.1077,47.4149,47.2809,47.3185,46.9728,46.4745,46.1257,46.0133,45.9094,45.8191,45.6717,45.7657,45.5657,45.4128,45.3357,45.3143,45.5342,45.6834,45.7717,45.7775,45.6231,45.6313,45.4983,45.2788,45.2627,45.1947,45.2033,45.2547,45.1728,45.1633,45.1047,44.9255,44.9568,44.9159,44.9795,44.8797,44.8943,44.8763,44.793,44.7469,44.7284,44.7008,44.6677,44.6343,44.6445,44.6463,44.6752,44.6392,44.7351,44.7487,44.7789,44.8017,44.7706,44.7261,44.7674,44.7242,44.6609,44.6258,44.59,44.5557,44.553,44.5147,44.4908,44.4881,44.5204,44.4792,44.4375,44.4287,44.3802,44.3741,44.3879,44.4168,44.4127,44.3879,44.4095,44.403,44.4364,44.4219,44.4212,44.3584,44.348,44.3345,44.3339,44.3703,44.3945,44.4201,44.3993,44.3353,44.2987,44.2715,44.3251,44.335,44.2822,44.348,44.2977,44.3161,44.2808,44.2543,44.2802,44.3078,44.2941,44.2478,44.3205,44.315,44.3183,44.3219,44.3205,44.3314,44.3685,44.4141,44.4146,44.3972,44.3736,44.3385,44.3536,44.3303,44.2568,44.2392,44.2342,44.2203,44.2322,44.2395,44.2292,44.2339,44.2235,44.1863,44.2023,44.2046,44.2094,44.2643,44.2176,44.1984,44.2014,44.2131,44.1911,44.1826,44.1695,44.186,44.1644,44.1705,44.2077,44.2247,44.2333,44.2389,44.2327,44.2303,44.2309,44.2578,44.2778,44.2792,44.2703,44.2643,44.2758,44.2727,44.2736,44.2566,44.2582,44.2659,44.2543,44.2405,44.2497,44.2623,44.2224,44.2454,44.2624,44.2478,44.2425,44.2322,44.213,44.2272,44.1951,44.1924,44.1894,44.1783,44.1729,44.1684,44.1664,44.1476,44.1395,44.1324,44.1353,44.1472,44.1543,44.1638,44.1479,44.1474,44.1486,44.1094,44.0851,44.0882,44.0821,44.0524,44.0436,44.0568,44.0562,44.0623,44.0657,44.0641,44.09,44.0772,44.0842,44.0652,44.0542,44.037,44.0465,44.0552,44.0492,44.0476,44.0548,44.0536,44.053,44.0522,44.0452,44.0411,44.0568,44.0692,44.0393,44.0195,44.0105,44.0053,44.0121,43.993,43.9927,44.0038,43.9876,43.9668,43.9509,43.9605,43.9805,43.9903,43.974,43.9753,43.9604,43.9723,43.9601,43.9815,43.976,43.9706,43.9683,43.9695,43.9725,43.9544,43.9846,43.9783,43.9529,43.9657,43.976,43.981,43.9791,43.9881,43.9677,43.9624,43.9673,43.9741,43.9765,43.9694,43.9712,43.9821,43.9555,43.9563,43.9623,43.9653,43.974,43.9824,43.9772,43.9792,43.9912,43.9861,43.9942,44.0089,44.0126,44.001,43.9994,44.014,43.9938,43.9918,43.995,44.0044,44.0034,43.969,43.9711,43.9767,43.9729,43.9878,43.9875,43.9883,43.9791,43.9749,43.9718,43.9691,43.9641,43.9635,
96.8549,79.1503,68.5475,64.0898,57.9558,54.7351,52.656,51.5166,49.9922,49.4896,48.9161,47.6284,47.2075,47.3293,47.2248,47.1125,46.9896,46.8709,46.9472,47.0475,46.9692,46.8073,46.4136,46.3718,46.1445,45.9824,46.0888,46.0687,45.8262,45.8423,45.7794,45.8728,45.7983,45.7015,45.5006,45.4291,45.379,45.2702,45.1817,45.075,45.0773,45.1081,45.1673,45.0876,45.059,45.0289,44.9838,44.7827,44.7862,44.8095,44.8481,44.8038,44.8301,44.8573,44.6301,44.5158,44.5713,44.5485,44.4464,44.506,44.5657,44.5417,44.5118,44.4545,44.4458,44.3294,44.352,44.3681,44.2911,44.2211,44.2645,44.2361,44.2452,44.2289,44.223,44.2551,44.2649,44.3242,44.3161,44.2885,44.3065,44.3354,44.3338,44.2976,44.2323,44.2504,44.2493,44.2438,44.2262,44.2159,44.204,44.0831,44.0771,44.0989,44.1128,44.1328,44.1445,44.1078,44.0394,44.0115,44.0295,43.9851,43.9672,43.9801,43.9612,43.9503,43.9517,43.9434,43.9689,43.969,43.973,44.0029,43.9834,44.0202,44.0236,44.0308,44.013,43.9691,43.9774,43.9856,43.9541,43.9471,43.9574,43.9977,43.9657,43.9897,43.9618,43.96,43.9575,43.9704,43.9575,43.9313,43.9147,43.9037,43.8936,43.9037,43.917,43.9022,43.8873,43.9,43.8707,43.8677,43.8724,43.8675,43.8561,43.8314,43.8234,43.8008,43.7999,43.8037,43.8061,43.8138,43.857,43.8748,43.8696,43.8821,43.8894,43.878,43.8544,43.8366,43.8091,43.7996,43.7892,43.7785,43.7885,43.8072,43.8062,43.7968,43.7923,43.7862,43.7585,43.7539,43.7357,43.7428,43.7291,43.7126,43.7202,43.6975,43.7195,43.7255,43.7197,43.6997,43.69,43.6848,43.7161,43.7117,43.7114,43.695,43.6771,43.6614,43.6669,43.6383,43.647,43.6252,43.621,43.6229,43.6222,43.6117,43.5983,43.5934,43.6094,43.5928,43.6069,43.6184,43.6145,43.603,43.6112,43.5881,43.6111,43.5983,43.556,43.5566,43.5675,43.5626,43.5763,43.5571,43.5498,43.5681,43.5535,43.5529,43.5593,43.561,43.5614,43.5459,43.5426,43.5438,43.5504,43.5385,43.551,43.5449,43.5493,43.5596,43.5545,43.5551,43.5531,43.5476,43.5437,43.5511,43.5418,43.5169,43.5254,43.5413,43.5362,43.5434,43.5462,43.5511,43.5512,43.5565,43.5548,43.5646,43.5574,43.5614,43.5653,43.5589,43.5647,43.5631,43.5491,43.563,43.5545,43.5836,43.593,43.6042,43.6066,43.6099,43.6039,43.6064,43.6181,43.6307,43.6212,43.6305,43.6055,43.5989,43.5995,43.5998,43.5841,43.5819,43.5831,43.5864,43.597,43.6012,43.5944,43.5974,43.6003,43.6137,43.6099,43.5952,43.6111,43.6145,43.622,43.6193,43.6262,43.631,43.6356,43.611,43.6146,43.6217,43.5995,43.5973,43.6039,43.5948,43.5942,
96.8549,74.7723,66.6524,58.3899,54.3631,52.439,51.9197,51.4835,50.8588,49.4205,48.4989,48.2358,47.8643,47.383,47.2584,46.5941,46.3397,46.066,46.1128,45.9484,45.8257,45.7635,45.7147,45.6974,45.5359,45.4128,45.3965,45.3629,45.1696,45.1823,45.0505,45.003,44.8003,44.7083,44.6822,44.705,44.6279,44.5461,44.4901,44.545,44.5846,44.4811,44.4344,44.507,44.5329,44.5346,44.5589,44.531,44.4978,44.4073,44.4407,44.4955,44.4651,44.4484,44.261,44.2877,44.2872,44.2855,44.3601,44.3364,44.3569,44.3081,44.2759,44.3113,44.3579,44.3373,44.3109,44.3493,44.3239,44.3403,44.3019,44.3166,44.3037,44.2897,44.2642,44.3313,44.3281,44.3109,44.3355,44.3491,44.3118,44.2293,44.1478,44.2094,44.1969,44.1745,44.1579,44.1459,44.0784,44.1356,44.1451,44.148,44.0974,44.1161,44.12,44.132,44.1628,44.1988,44.1795,44.2149,44.1674,44.1541,44.1486,44.1219,44.0912,44.0735,44.06,44.0573,44.06,44.0817,44.0726,44.0897,44.11,44.1179,44.1289,44.1251,44.1385,44.1359,44.1767,44.1888,44.196,44.1743,44.166,44.1317,44.0906,44.1094,44.1193,44.1053,44.0857,44.0806,44.1063,44.1031,44.1033,44.0898,44.0997,44.11,44.0743,44.0729,44.0819,44.0659,44.0444,44.0411,44.049,44.0518,44.0589,44.0599,44.0563,44.0392,44.0004,44.0096,43.9715,43.986,43.9812,43.9931,44.021,44.025,44.0294,44.0149,44.0127,44.0147,44.0171,44.0024,43.9941,44.0255,44.0252,44.0369,44.014,44.0359,44.0658,44.067,44.0847,44.0922,44.0798,44.0832,44.0765,44.0717,44.0561,44.0201,44.0183,44.0018,43.983,43.9978,43.9475,43.9442,43.9554,43.9763,43.9753,43.953,43.9529,43.9822,44.0116,44.0029,44.0067,44.0278,44.0244,44.0261,44.0202,44.0351,44.0611,44.1243,44.1188,44.1178,44.1148,44.1036,44.1096,44.115,44.1262,44.1297,44.1334,44.1422,44.14,44.1294,44.1393,44.112,44.1086,44.1074,44.0979,44.1042,44.1045,44.1121,44.1294,44.1172,44.0996,44.0948,44.0786,44.0579,44.0577,44.0551,44.0544,44.0717,44.0706,44.0707,44.0627,44.0713,44.0646,44.0737,44.0666,44.082,44.085,44.0765,44.0873,44.08,44.0879,44.0927,44.0918,44.0831,44.0915,44.1032,44.0884,44.0792,44.0856,44.083,44.0948,44.0979,44.0848,44.0894,44.0732,44.0759,44.0748,44.0674,44.0884,44.0893,44.0906,44.0958,44.1038,44.1073,44.1036,44.101,44.0898,44.0825,44.0933,44.1089,44.1004,44.0994,44.074,44.0577,44.0712,44.0559,44.0422,44.0355,44.0162,44.0253,44.0066,44.017,44.0072,44.01,44.0164,44.016,44.0191,44.0113,44.0044,43.9833,43.99,43.9802,43.9885,43.9785,43.9815,43.9788,43.9698,43.9532,43.9601,
96.8549,75.6452,64.1304,58.9314,56.5468,55.4353,54.805,53.4328,52.1158,51.6297,50.5806,50.603,50.4242,49.9141,49.8168,49.6145,49.3182,48.9483,48.847,48.4606,48.4148,47.9775,47.8451,47.7497,47.4803,47.2534,46.8896,46.6706,46.4446,46.4431,46.3102,45.959,45.7061,45.8301,45.7846,45.6876,45.47,45.483,45.4537,45.3139,45.2956,45.2461,45.2333,45.2295,45.2992,45.1421,45.09,45.1193,44.9605,44.9837,44.9145,44.8115,44.7488,44.6687,44.6185,44.6144,44.5613,44.5292,44.5109,44.5996,44.5801,44.5266,44.4867,44.5425,44.5141,44.4458,44.462,44.4173,44.3944,44.2918,44.2518,44.2351,44.272,44.239,44.2619,44.3398,44.3059,44.3265,44.3599,44.3583,44.3892,44.3837,44.3743,44.4059,44.4151,44.3897,44.3761,44.4009,44.3602,44.3532,44.3788,44.3578,44.383,44.3172,44.3209,44.3195,44.2203,44.1823,44.2148,44.2151,44.2002,44.169,44.1903,44.204,44.2045,44.2329,44.2444,44.1818,44.178,44.1447,44.1939,44.1833,44.1904,44.2101,44.2097,44.2073,44.2299,44.2308,44.1825,44.1916,44.1809,44.1762,44.1718,44.192,44.1977,44.2121,44.2067,44.2041,44.1783,44.1627,44.151,44.1763,44.1837,44.1648,44.138,44.1463,44.1168,44.0863,44.0314,44.0566,44.0041,43.9916,43.9742,43.9767,43.9547,43.9599,43.9457,43.9409,43.9381,43.9498,43.9546,43.9208,43.9195,43.9376,43.9161,43.9133,43.9147,43.913,43.8756,43.879,43.8782,43.9008,43.8984,43.8733,43.8709,43.8798,43.8732,43.8626,43.8441,43.8661,43.842,43.8328,43.8257,43.814,43.802,43.8105,43.8032,43.8132,43.8241,43.8105,43.8361,43.8543,43.8296,43.8178,43.8326,43.8244,43.8382,43.8105,43.7967,43.793,43.8097,43.8184,43.8304,43.8199,43.8179,43.7933,43.7878,43.7773,43.7418,43.7412,43.7408,43.7378,43.732,43.6788,43.6705,43.6678,43.6805,43.6662,43.6772,43.6815,43.6965,43.7048,43.719,43.7123,43.7237,43.7254,43.7394,43.7436,43.752,43.7501,43.7493,43.7555,43.778,43.7791,43.7847,43.7932,43.8014,43.7892,43.77,43.8088,43.7864,43.7711,43.7662,43.7769,43.7825,43.7646,43.7583,43.7505,43.7442,43.7517,43.7643,43.7483,43.7484,43.7515,43.743,43.7867,43.7957,43.8156,43.8338,43.8174,43.8109,43.7964,43.7797,43.7739,43.7734,43.7873,43.791,43.7994,43.8085,43.8092,43.8061,43.8113,43.7902,43.7866,43.7743,43.7836,43.7829,43.7627,43.7623,43.7378,43.7417,43.7479,43.7454,43.7689,43.7591,43.7509,43.7476,43.7375,43.74,43.7451,43.748,43.7479,43.7483,43.7491,43.7521,43.7219,43.7182,43.7055,43.7029,43.6972,43.6986,43.6819,43.6691,43.6508,43.6503,43.6587,43.6719,43.6438,43.6504,43.6559,43.6563,
96.8549,76.8276,67.4594,62.3083,58.7049,56.6487,54.6446,50.9331,50.5863,50.1775,49.9416,48.7173,48.3746,47.9417,47.4639,47.4013,46.9313,46.8642,46.9164,47.0004,46.7348,46.7377,46.6818,46.3396,46.0769,46.0324,45.8602,45.6847,45.7196,45.6909,45.7182,45.5592,45.5921,45.4096,45.3799,45.4103,45.3827,45.295,45.2851,45.1762,45.0831,45.1206,45.0956,45.1118,45.1317,45.0945,45.0805,45.0406,45.0001,44.9145,44.9518,44.9139,44.8818,44.8116,44.758,44.7541,44.7414,44.7111,44.6986,44.6839,44.6334,44.6244,44.7087,44.7057,44.6385,44.6844,44.7085,44.6771,44.6752,44.5898,44.5088,44.4832,44.4921,44.4539,44.5084,44.5246,44.5487,44.5043,44.4366,44.4831,44.3396,44.2812,44.2914,44.2788,44.29,44.2702,44.2552,44.2937,44.2812,44.2629,44.3252,44.3122,44.2283,44.2383,44.237,44.2827,44.2579,44.2586,44.2493,44.3085,44.3074,44.3074,44.2921,44.2923,44.3035,44.3234,44.3213,44.3282,44.3501,44.3461,44.3438,44.3492,44.2716,44.2796,44.2937,44.2836,44.2497,44.2567,44.2587,44.244,44.2741,44.2834,44.3315,44.3693,44.3458,44.3109,44.3095,44.2828,44.2807,44.3109,44.3104,44.3049,44.351,44.3226,44.2288,44.251,44.2296,44.2386,44.2404,44.195,44.1836,44.172,44.1842,44.1848,44.1566,44.142,44.1513,44.1524,44.1484,44.1326,44.1233,44.0844,44.0773,44.0688,44.026,44.0216,44.023,44.0284,44.0256,44.0246,44.0267,43.9542,43.9616,43.966,43.9856,44.0106,44.0168,44.0206,44.0357,44.0364,44.006,44.0285,44.0396,44.0381,44.0352,44.028,44.0028,44.0063,44.0081,44.0215,44.0314,44.0306,44.051,44.0286,44.0238,44.0341,44.0513,44.0272,44.0304,44.0164,44.0052,43.9976,43.9556,43.949,43.9611,43.9522,43.9474,43.9778,43.9802,43.9871,43.9702,43.9718,43.9646,43.9441,43.9447,43.9551,43.9616,43.9614,43.9874,44.0052,43.9905,43.99,43.9852,44.0222,44.0286,44.0283,44.033,44.0294,44.0167,44.0207,44.0329,44.0352,44.0356,44.0257,44.0301,44.0118,44.0115,44.0188,44.0148,44.0106,43.9979,44,43.9976,44.0077,43.9452,43.9651,43.9714,43.9347,43.9513,43.9243,43.9024,43.9057,43.9242,43.9287,43.9306,43.937,43.9224,43.8902,43.882,43.8776,43.8885,43.8985,43.8938,43.8947,43.9003,43.9028,43.8926,43.8806,43.8834,43.8949,43.9001,43.8957,43.8994,43.8952,43.8863,43.8659,43.8689,43.8389,43.834,43.8371,43.8346,43.8662,43.8656,43.8449,43.8506,43.828,43.8109,43.8091,43.8094,43.8028,43.7953,43.7738,43.7692,43.7645,43.7639,43.7687,43.7779,43.7778,43.7851,43.7856,43.784,43.7792,43.7843,43.7765,43.7795,43.7892,43.7955,43.8098,43.813,43.8016,43.7968,
96.8549,73.6533,65.9452,59.6296,57.5992,55.6478,53.4354,52.9588,51.717,51.2792,51.3793,50.4588,50.5019,50.5003,49.9856,49.8284,49.4212,49.1605,48.5972,48.3782,47.8179,47.72,47.168,46.9203,46.5281,46.4799,46.4345,46.2717,46.2591,46.2041,45.7534,45.7898,45.6633,45.6262,45.5263,45.4273,45.4271,45.3924,45.2724,45.2849,45.3083,45.1743,45.1703,45.1377,45.0571,45.0124,45.0101,44.9849,44.9095,44.8684,44.8572,44.7446,44.6873,44.6433,44.6931,44.6921,44.8165,44.7899,44.7642,44.6629,44.7052,44.6813,44.6271,44.5598,44.4703,44.5146,44.4618,44.4498,44.3587,44.3528,44.355,44.4237,44.3396,44.3469,44.3872,44.4446,44.4305,44.4183,44.4101,44.3594,44.3682,44.3079,44.2858,44.2773,44.3346,44.3272,44.2978,44.292,44.2284,44.2848,44.3273,44.3382,44.3532,44.3502,44.3005,44.2382,44.2266,44.1995,44.1743,44.1367,44.1407,44.1449,44.1302,44.1899,44.142,44.1688,44.1795,44.1876,44.1391,44.1207,44.1037,44.1042,44.0974,44.0615,44.0681,44.0544,44.0196,43.9849,43.9725,43.9813,43.9895,43.9946,44.0083,44.0124,44.0182,44.0393,44.0496,44.0415,44.0259,44.032,44.0212,44.0407,44.0451,44.086,44.0956,44.0802,44.0741,44.0846,44.0797,44.0831,44.0715,44.0799,44.0455,44.0646,44.0819,44.0844,44.092,44.0794,44.0834,44.0493,44.0586,44.0755,44.0844,44.0706,44.0854,44.074,44.0844,44.0769,44.0988,44.093,44.085,44.0745,44.08,44.0691,44.0648,44.0838,44.0807,44.1037,44.1268,44.1026,44.1,44.0927,44.0977,44.1096,44.1594,44.1068,44.0943,44.0834,44.0776,44.0449,44.0391,44.0125,44.0102,44.0063,44.0122,44.0297,43.9479,43.9297,43.9424,43.9386,43.9569,43.9661,43.9704,43.9798,43.9781,43.9815,43.9901,44.0028,43.9824,43.9847,44.0034,44.0074,44.0155,44.0426,44.0291,44.0139,44.0071,44.027,44.0471,44.0395,44.0393,44.03,44.0064,43.9998,44.0087,44.0018,44.0102,43.9747,43.9706,43.9642,43.9481,43.9507,43.9511,43.9443,43.9343,43.9401,43.9639,43.9745,43.9828,44.0133,43.9967,44.0061,44.0141,44.0189,44.0128,43.9893,43.9762,43.9302,43.903,43.8915,43.8847,43.8886,43.8987,43.8739,43.8856,43.8973,43.8858,43.8653,43.8723,43.876,43.8876,43.9054,43.9032,43.8884,43.8958,43.8923,43.8965,43.8892,43.8825,43.8717,43.8727,43.8728,43.8723,43.8853,43.8841,43.8908,43.8869,43.8733,43.8584,43.8466,43.8652,43.8585,43.8514,43.8563,43.891,43.8772,43.8634,43.8519,43.8335,43.8368,43.8339,43.819,43.8152,43.814,43.814,43.8225,43.8284,43.8263,43.8169,43.8171,43.8339,43.8508,43.8113,43.8294,43.8227,43.825,43.8205,43.8224,43.8174,43.8117,43.8105,
96.8549,72.982,63.413,58.2329,54.878,52.3512,49.6992,49.0701,48.7277,48.0335,47.8787,47.8453,47.7765,47.4067,46.7391,46.6634,46.6316,46.3632,46.4412,46.4643,46.4876,46.3608,46.0622,46.0708,45.7895,45.6631,45.5946,45.6232,45.5997,45.435,45.1123,45.0866,45.0032,45.0063,44.9806,44.9431,45.0226,45.0335,44.9192,44.9377,45.0403,45.0328,45.0834,45.1247,45.1053,45.2192,45.1917,45.1863,45.1882,45.3661,45.2905,45.2672,45.2115,45.2891,45.2505,45.2285,45.2816,45.269,45.2719,45.2529,45.2437,45.2268,45.0826,45.0646,45.1055,45.0948,45.0434,45.1034,45.1447,45.1352,45.0848,45.1322,45.1017,45.0626,45.0393,45.038,45.0262,44.9092,44.8655,44.8657,44.802,44.7429,44.8018,44.8168,44.6948,44.6614,44.6846,44.6111,44.5382,44.5227,44.5461,44.5157,44.5475,44.5584,44.485,44.4475,44.4756,44.4597,44.4542,44.4394,44.2744,44.281,44.2407,44.2401,44.2214,44.209,44.2415,44.2281,44.2136,44.1837,44.0834,44.0622,44.0453,44.0384,44.0597,44.093,44.1086,44.1167,44.096,44.0322,44.0295,44.0195,43.9912,43.9479,43.9416,43.9316,43.879,43.8357,43.8509,43.8351,43.8387,43.7955,43.7755,43.6789,43.6806,43.6787,43.6982,43.6884,43.6912,43.6889,43.6868,43.6763,43.6788,43.6903,43.6951,43.7316,43.7254,43.7087,43.7463,43.7526,43.7343,43.7334,43.7556,43.7226,43.7185,43.7091,43.6929,43.7401,43.7414,43.741,43.7497,43.7447,43.7283,43.7457,43.7687,43.7902,43.8019,43.8082,43.8271,43.821,43.802,43.7973,43.8361,43.8199,43.812,43.8094,43.8171,43.7737,43.7889,43.7746,43.7868,43.7959,43.798,43.8139,43.8011,43.7995,43.7851,43.8041,43.8081,43.7815,43.7668,43.7483,43.7674,43.7902,43.7733,43.7868,43.7832,43.784,43.7857,43.798,43.7804,43.7774,43.7856,43.7971,43.813,43.805,43.832,43.8275,43.8228,43.8191,43.835,43.8433,43.8412,43.8418,43.8474,43.8322,43.8345,43.8485,43.8296,43.8294,43.8498,43.8321,43.831,43.8465,43.8486,43.8475,43.8487,43.8216,43.8327,43.8269,43.8359,43.8132,43.795,43.779,43.7858,43.7837,43.7815,43.7848,43.7407,43.759,43.7655,43.757,43.7355,43.742,43.7618,43.7576,43.7556,43.7308,43.7289,43.7264,43.7196,43.7313,43.7226,43.7136,43.7121,43.7028,43.6999,43.6946,43.6969,43.7006,43.7015,43.7051,43.6955,43.7014,43.7052,43.7055,43.7086,43.7428,43.7396,43.7358,43.7308,43.7124,43.7141,43.7446,43.7622,43.7564,43.7793,43.7843,43.7718,43.763,43.7512,43.7528,43.7592,43.7564,43.7535,43.7508,43.7665,43.7624,43.764,43.7603,43.7641,43.7617,43.7357,43.7406,43.7491,43.7471,43.7505,43.7373,43.731,43.7413,43.7312,
96.8549,71.5459,64.5368,59.4633,57.3267,55.4416,53.5541,51.4806,50.1131,49.5541,49.1144,48.5607,48.2138,47.6415,47.4824,47.1426,46.8093,46.6576,46.4851,46.5144,46.4402,46.2066,46.259,46.0609,45.8927,45.8894,45.8363,45.7786,45.7638,45.5711,45.5776,45.3254,45.3269,45.3004,45.3671,45.4307,45.4608,45.5373,45.5573,45.5505,45.4692,45.4652,45.3991,45.3544,45.3697,45.3792,45.3653,45.2869,45.3688,45.3036,45.3317,45.236,45.1536,45.1424,44.9019,44.8856,44.8697,44.8525,44.8226,44.8178,44.7934,44.7728,44.8387,44.7323,44.7374,44.7819,44.8377,44.8149,44.7924,44.7783,44.7767,44.7962,44.836,44.8061,44.7431,44.6964,44.6921,44.6989,44.6516,44.5961,44.628,44.6094,44.6371,44.637,44.6381,44.6246,44.575,44.5775,44.5333,44.5478,44.5331,44.5624,44.5885,44.5409,44.5549,44.5754,44.5916,44.5174,44.4759,44.5028,44.459,44.437,44.4501,44.3488,44.3301,44.2864,44.2492,44.2961,44.2874,44.2175,44.2299,44.2544,44.2443,44.2188,44.2135,44.2005,44.1944,44.1853,44.1709,44.1662,44.1769,44.1329,44.1352,44.1455,44.151,44.1868,44.1969,44.2252,44.2265,44.2334,44.2296,44.2255,44.2167,44.1849,44.2047,44.1702,44.185,44.1575,44.1446,44.1268,44.138,44.1301,44.1618,44.1474,44.1373,44.1571,44.151,44.1611,44.18,44.1757,44.2014,44.21,44.1831,44.1995,44.2004,44.1949,44.2025,44.1865,44.1743,44.1554,44.1435,44.1331,44.0691,44.0612,44.0502,44.058,44.0323,44.0644,44.075,44.0664,44.0808,44.0771,44.092,44.1084,44.1075,44.1059,44.1292,44.124,44.0974,44.1008,44.0976,44.0665,44.0985,44.0543,44.064,44.0654,44.0806,44.0622,44.0593,44.0844,44.0778,44.0979,44.0975,44.0912,44.0659,44.0564,44.0552,44.0712,44.0641,44.0548,44.0184,44.0095,44.0199,44.0364,44.0379,44.0329,44.0275,44.0062,43.9892,44.0034,43.9889,43.9788,43.9743,43.9796,43.9825,43.9925,43.9901,44.0215,44.0154,43.9902,44.0023,44.0091,43.9974,44.0129,44.0064,44.0102,44.0171,44.0041,43.9767,43.955,43.9435,43.9385,43.9444,43.9511,43.9432,43.9303,43.9346,43.9329,43.9221,43.9184,43.919,43.8987,43.897,43.8961,43.9029,43.8978,43.8672,43.8667,43.8645,43.8596,43.8698,43.8534,43.8279,43.8444,43.8291,43.822,43.8303,43.8296,43.812,43.8219,43.8276,43.8299,43.8381,43.8346,43.8489,43.8555,43.8397,43.8373,43.8526,43.8559,43.8595,43.8525,43.8446,43.8487,43.847,43.8341,43.8355,43.8211,43.8286,43.8145,43.8255,43.8239,43.8146,43.8236,43.832,43.836,43.8521,43.8455,43.8435,43.833,43.8414,43.8456,43.8486,43.8512,43.8636,43.8589,43.8597,43.8641,43.8717,43.8776,43.8726,
96.8549,77.3451,66.4537,60.6698,54.2714,52.0947,50.9403,50.3839,49.587,49.4496,49.0855,48.5239,48.4347,48.2262,48.0414,47.7524,47.323,47.1063,47.0567,46.881,47.0247,46.6915,46.4878,46.29,46.3375,46.2983,46.0817,46.1009,45.9089,45.9083,45.8706,45.863,45.8254,45.8121,45.8872,45.8301,45.7876,45.4802,45.4265,45.3567,45.405,45.3796,45.3519,45.241,45.2501,45.2119,45.2009,45.0109,44.9943,44.8987,44.8322,44.8394,44.8911,44.9014,44.8554,44.8718,44.8176,44.8446,44.7392,44.6652,44.6657,44.558,44.5734,44.4714,44.4534,44.4527,44.4184,44.5155,44.5181,44.5348,44.5988,44.6289,44.5733,44.5655,44.602,44.5733,44.5806,44.5847,44.5108,44.5156,44.5239,44.5484,44.5076,44.5225,44.5246,44.5025,44.4896,44.4705,44.4507,44.407,44.3964,44.3601,44.3524,44.3616,44.3313,44.3094,44.2952,44.3182,44.2883,44.2937,44.2617,44.2411,44.2394,44.2258,44.249,44.2608,44.2428,44.1948,44.1833,44.1614,44.1497,44.1599,44.1743,44.196,44.1974,44.1746,44.1059,44.0821,44.0317,44.0117,44.0031,44.0331,44.0068,44.0253,44.0163,43.8962,43.9324,44.0072,43.9554,43.9607,43.9231,43.9165,43.9288,43.9604,43.9824,43.9686,43.9569,43.9469,43.9454,43.9242,43.9374,43.9195,43.9155,43.9025,43.936,43.8782,43.8791,43.8876,43.8067,43.8522,43.8426,43.8582,43.8342,43.8057,43.8002,43.8015,43.8081,43.8055,43.8042,43.8239,43.8496,43.843,43.8004,43.8234,43.8174,43.8309,43.814,43.8032,43.7797,43.7778,43.7747,43.7634,43.7706,43.7665,43.7838,43.7785,43.7762,43.7854,43.7942,43.8075,43.7934,43.7747,43.7542,43.7443,43.7173,43.7327,43.7215,43.7268,43.7258,43.7161,43.7087,43.715,43.7106,43.7147,43.7081,43.7215,43.7392,43.7348,43.7652,43.7593,43.7665,43.7656,43.7323,43.7383,43.7267,43.7302,43.7087,43.7291,43.7071,43.712,43.7053,43.7101,43.7166,43.7059,43.6964,43.663,43.6444,43.6428,43.6449,43.6366,43.612,43.6081,43.5968,43.6032,43.6262,43.6257,43.6248,43.6123,43.6168,43.5896,43.5988,43.5845,43.591,43.5806,43.584,43.5762,43.5743,43.5662,43.5802,43.5886,43.5854,43.5754,43.5697,43.5862,43.5813,43.58,43.5667,43.5774,43.5749,43.5689,43.5676,43.57,43.5601,43.5557,43.5656,43.5664,43.5616,43.5621,43.5694,43.5616,43.5601,43.5521,43.5748,43.5694,43.5599,43.5626,43.5666,43.563,43.5719,43.5686,43.5608,43.5658,43.5805,43.5857,43.5743,43.563,43.5688,43.5673,43.5627,43.585,43.5895,43.6044,43.598,43.6118,43.605,43.6097,43.6218,43.6234,43.6181,43.6238,43.6207,43.6236,43.6211,43.6168,43.6163,43.6417,43.6447,43.6457,43.6584,43.6629,43.6542,
96.8549,76.5752,68.4457,62.8903,59.0144,55.7825,53.0662,51.8755,50.5089,49.4111,48.6592,48.2371,47.6733,47.564,47.4392,47.3815,47.112,47.0333,47.0331,46.5336,46.3084,46.2733,46.1329,45.888,45.9216,45.7218,45.7608,45.7671,45.641,45.4474,45.3696,45.2667,45.1809,45.1618,44.8898,44.9433,44.8725,44.8946,44.9581,44.9983,44.9797,44.8989,44.8113,44.7952,44.6397,44.7055,44.7639,44.7221,44.6788,44.7103,44.6466,44.6367,44.6795,44.7087,44.7017,44.7217,44.7158,44.5934,44.5905,44.5741,44.5257,44.5339,44.5848,44.5501,44.5414,44.5803,44.5526,44.506,44.4621,44.4854,44.4096,44.3976,44.4077,44.3749,44.3743,44.3296,44.3285,44.3479,44.3193,44.2855,44.283,44.2868,44.3191,44.3527,44.3553,44.3756,44.4152,44.4378,44.438,44.4176,44.4681,44.4606,44.4293,44.4357,44.4299,44.3861,44.3908,44.3594,44.3543,44.3654,44.4,44.3166,44.3156,44.301,44.3037,44.3676,44.3696,44.3664,44.3435,44.3539,44.3343,44.3424,44.3844,44.3995,44.4291,44.4141,44.406,44.3751,44.4103,44.3767,44.39,44.3769,44.3791,44.3597,44.3763,44.3572,44.3503,44.3622,44.3888,44.3881,44.3954,44.4004,44.4395,44.4469,44.4292,44.4312,44.4094,44.3994,44.4013,44.3886,44.3851,44.3841,44.3664,44.3768,44.3404,44.3313,44.329,44.3215,44.3206,44.2938,44.2955,44.3162,44.3173,44.3027,44.3107,44.324,44.3416,44.3152,44.3053,44.2948,44.289,44.3042,44.2825,44.2773,44.2687,44.2882,44.287,44.2807,44.2707,44.267,44.256,44.2562,44.257,44.2372,44.2806,44.2841,44.2869,44.2936,44.28,44.2784,44.2932,44.2778,44.2621,44.273,44.2684,44.2654,44.2697,44.2641,44.2646,44.2613,44.2519,44.2401,44.2157,44.2191,44.2165,44.205,44.2033,44.174,44.1935,44.1742,44.1711,44.1397,44.1271,44.1167,44.1029,44.1012,44.0912,44.0734,44.0748,44.0674,44.0673,44.0473,44.0636,44.0378,44.0302,44.0155,44.0163,44.009,44.0145,44.0176,44.0261,43.9959,43.97,43.9871,43.9774,43.9609,43.9535,43.9427,43.9589,43.9516,43.9604,43.9396,43.9737,43.9781,43.9725,43.963,43.9504,43.949,43.9365,43.9279,43.9298,43.9265,43.9192,43.9146,43.9007,43.8885,43.8779,43.8819,43.9167,43.9197,43.9102,43.9215,43.9183,43.9202,43.9247,43.9217,43.9035,43.8955,43.8914,43.8856,43.8855,43.8823,43.866,43.8468,43.8469,43.8534,43.8561,43.867,43.8523,43.8552,43.8502,43.8413,43.8233,43.8303,43.8304,43.836,43.829,43.8242,43.8195,43.8075,43.8036,43.7856,43.7806,43.7791,43.7798,43.786,43.8043,43.806,43.7998,43.7925,43.7925,43.7945,43.7909,43.7906,43.7848,43.7762,43.778,43.7758,43.7767,43.7765,43.7735,
96.8549,74.4126,64.9266,61.357,59.2919,58.8857,54.0026,51.6524,51.4934,50.6106,50.6575,50.3677,50.0765,48.8915,48.5542,47.5911,47.4842,47.1889,47.1454,46.9666,46.9262,46.9658,47.0232,47.0006,46.3109,46.0888,46.1262,46.0041,46.1194,46.1739,46.1168,45.9485,45.8072,45.7885,45.7516,45.6984,45.6738,45.6201,45.4758,45.3702,45.3179,45.2483,45.239,45.2311,45.1158,45.1968,45.1049,45.0441,45.006,44.8858,44.9115,44.8172,44.819,44.8275,44.8134,44.8234,44.7845,44.8098,44.736,44.603,44.7003,44.6948,44.6157,44.5301,44.5049,44.4074,44.3952,44.4072,44.4387,44.3228,44.2903,44.3277,44.3791,44.3194,44.3223,44.3192,44.2967,44.2742,44.3164,44.3347,44.3111,44.2943,44.3331,44.2458,44.2177,44.2131,44.1961,44.2283,44.2456,44.2079,44.1797,44.1935,44.1931,44.1615,44.2221,44.2691,44.2947,44.2695,44.2386,44.1905,44.184,44.1902,44.1608,44.1977,44.1919,44.2183,44.2226,44.2181,44.2434,44.1975,44.1843,44.1766,44.1162,44.1047,44.1277,44.1087,44.0871,44.1087,44.153,44.1502,44.109,44.123,44.0912,44.0857,44.0708,44.06,44.0691,44.0566,44.0687,44.0386,44.0486,44.0652,44.0714,44.0579,44.0695,44.0685,44.0412,44.0316,44.0245,44.0277,44.0239,43.9744,43.9567,43.9473,43.9379,43.9474,43.9555,43.9501,43.944,43.9564,43.9714,43.9521,43.9589,43.9528,43.9304,43.9365,43.9111,43.9372,43.9313,43.9308,43.9237,43.9248,43.9174,43.9264,43.9602,43.9393,43.9283,43.9358,43.9361,43.9338,43.9535,43.9454,43.957,43.9694,43.9603,43.9384,43.9544,43.97,43.9494,43.9561,43.9248,43.9365,43.9522,43.949,43.9495,43.9434,43.9269,43.9117,43.8883,43.8886,43.8785,43.875,43.8566,43.8488,43.8519,43.8427,43.8201,43.8429,43.8418,43.8293,43.822,43.8164,43.8187,43.8217,43.8377,43.849,43.8477,43.8733,43.8765,43.8777,43.8842,43.8806,43.8756,43.8697,43.8516,43.8647,43.8634,43.8628,43.8612,43.8733,43.8702,43.862,43.8641,43.8825,43.8912,43.8971,43.9105,43.8959,43.9114,43.8908,43.8887,43.8916,43.8977,43.9055,43.8927,43.8947,43.896,43.9002,43.8753,43.8744,43.9019,43.8839,43.9119,43.922,43.9267,43.94,43.9522,43.9398,43.9337,43.9322,43.9328,43.9337,43.942,43.9439,43.9308,43.9124,43.9367,43.927,43.9293,43.9165,43.9119,43.9031,43.9206,43.9208,43.9179,43.9408,43.9319,43.9341,43.9476,43.9361,43.9427,43.9509,43.9435,43.9483,43.9391,43.9335,43.9196,43.9155,43.9046,43.9226,43.9253,43.9223,43.9247,43.9398,43.9418,43.9365,43.9317,43.9186,43.9023,43.9055,43.9141,43.9158,43.9251,43.9261,43.9235,43.9386,43.9512,43.9333,43.9268,43.9219,43.9131,
96.8549,75.4977,63.163,58.1837,57.0034,56.8867,55.5027,54.1835,52.463,51.6574,50.4945,50.6642,49.0227,48.7906,48.5255,47.9025,47.7539,47.4744,47.3127,46.8519,46.8282,46.6989,46.7325,46.5204,46.5491,46.3332,46.2281,46.0227,45.9951,45.9046,45.8367,45.6148,45.41,45.3178,45.3849,45.2958,45.2906,45.1507,45.1151,45.1077,45.1367,45.1968,45.1341,45.1868,45.2245,45.2007,45.1582,45.1133,45.1324,45.03,44.9311,44.9488,44.943,44.9502,44.9777,44.9714,44.9284,44.8324,44.6784,44.7105,44.7394,44.7168,44.7778,44.7203,44.7254,44.6262,44.6267,44.6775,44.708,44.6157,44.6504,44.689,44.6611,44.6563,44.6529,44.6426,44.6373,44.5777,44.5352,44.5233,44.5448,44.5183,44.5816,44.5874,44.5747,44.5613,44.5637,44.4885,44.4671,44.4656,44.4829,44.4748,44.4551,44.444,44.4244,44.4385,44.4619,44.4646,44.4842,44.5196,44.4995,44.4223,44.3833,44.3386,44.3449,44.3373,44.3624,44.3638,44.3641,44.3609,44.3478,44.3507,44.3505,44.3354,44.297,44.272,44.2595,44.2503,44.2141,44.2295,44.2625,44.2755,44.276,44.295,44.312,44.3293,44.3252,44.3559,44.3375,44.3263,44.3553,44.3533,44.3979,44.3615,44.331,44.3603,44.3784,44.3638,44.3623,44.3503,44.4163,44.4371,44.432,44.4226,44.4522,44.4623,44.373,44.3767,44.3602,44.3599,44.4078,44.4097,44.3902,44.3219,44.3288,44.3313,44.3289,44.3157,44.3265,44.3112,44.2901,44.2653,44.2429,44.2494,44.2531,44.2094,44.1811,44.1872,44.189,44.1865,44.1673,44.1944,44.1779,44.1755,44.1685,44.1401,44.1207,44.1225,44.1408,44.1274,44.1786,44.1562,44.1577,44.1668,44.1925,44.1985,44.2001,44.192,44.1919,44.1722,44.1344,44.1327,44.1192,44.1154,44.1346,44.1297,44.1208,44.149,44.1373,44.1283,44.1167,44.1149,44.1212,44.0876,44.097,44.0941,44.0752,44.0801,44.087,44.1047,44.0864,44.1042,44.0947,44.1124,44.1049,44.0971,44.0871,44.0725,44.057,44.0753,44.0728,44.0651,44.059,44.053,44.0537,44.043,44.0389,44.0321,44.0171,44.0187,44.0022,43.9735,43.9745,43.9642,43.9789,43.9819,43.9858,43.9605,43.9415,43.9312,43.9329,43.9363,43.9488,43.9475,43.9418,43.9494,43.9591,43.9648,43.9592,43.9428,43.937,43.9316,43.9539,43.9564,43.9822,43.9775,43.9927,43.9852,43.9853,43.9638,43.9697,43.9842,43.9817,44.0025,44.0047,44.0017,44.0065,44.0121,44.0071,43.9977,43.9665,43.9632,43.9585,43.9408,43.9533,43.9557,43.9531,43.9604,43.9281,43.9307,43.9261,43.9137,43.9025,43.9164,43.8847,43.8731,43.8798,43.8838,43.8958,43.8967,43.8903,43.8852,43.8863,43.8943,43.9118,43.9226,43.933,43.9417,43.9404,43.9345,43.9276,
96.8549,73.9305,64.5574,61.0837,59.0915,56.6387,54.5991,51.3699,50.8125,50.3195,49.1974,48.5595,48.0128,47.7239,47.491,47.4208,47.4223,47.3467,47.3344,47.1088,46.8397,46.891,46.875,46.6213,46.5313,46.5085,46.3582,46.2483,46.0806,45.8596,45.8648,45.8281,45.7708,45.7311,45.724,45.4667,45.3352,45.2403,45.2278,45.1565,44.9173,44.8941,45.0332,45.1371,45.1387,45.0587,45.0801,45.1602,45.1365,45.1429,45.0724,45.0659,45.0577,44.9647,44.9614,45.0119,44.9977,45.0372,44.9269,44.8883,44.8913,44.9033,44.8821,44.8453,44.7894,44.7964,44.737,44.7405,44.7121,44.6778,44.6595,44.6839,44.6704,44.7162,44.7067,44.6848,44.7009,44.6762,44.6778,44.6391,44.5993,44.5792,44.526,44.4655,44.4895,44.4149,44.4118,44.4297,44.4147,44.3739,44.3695,44.3516,44.3622,44.351,44.3519,44.3412,44.3293,44.2634,44.2522,44.2442,44.242,44.2302,44.2342,44.243,44.2442,44.2823,44.2541,44.2451,44.2627,44.244,44.2244,44.2299,44.2297,44.2523,44.2656,44.2592,44.1917,44.2026,44.2197,44.2087,44.1599,44.1709,44.1321,44.1058,44.0765,44.0715,44.0724,44.0688,44.017,43.9835,43.9708,43.9785,43.8701,43.8999,43.8869,43.8597,43.8936,43.938,43.9216,43.9324,43.9218,43.9102,43.9298,43.9333,43.9119,43.916,43.9288,43.9554,43.9353,43.9437,43.8919,43.8905,43.8734,43.8838,43.8676,43.853,43.8551,43.8671,43.8641,43.8393,43.8303,43.8459,43.8602,43.8714,43.9085,43.9034,43.8805,43.926,43.9366,43.9012,43.8988,43.9046,43.9122,43.9066,43.8932,43.9007,43.8933,43.882,43.8934,43.8994,43.9047,43.9089,43.914,43.913,43.8995,43.8862,43.8797,43.8873,43.8773,43.8926,43.8982,43.8931,43.8762,43.8877,43.9047,43.9011,43.9051,43.896,43.9278,43.9397,43.9386,43.9181,43.9202,43.9261,43.9183,43.9143,43.9213,43.9427,43.9679,43.9588,43.9682,43.9666,43.9812,43.9646,43.9705,43.9716,43.965,43.9447,43.9153,43.9138,43.8997,43.8847,43.8839,43.8815,43.8682,43.882,43.8885,43.8569,43.8498,43.8629,43.8574,43.848,43.8396,43.8477,43.8423,43.8458,43.8483,43.8793,43.8749,43.8655,43.8833,43.8721,43.8597,43.8441,43.8634,43.8543,43.8549,43.8573,43.8769,43.8868,43.8706,43.876,43.873,43.8579,43.8535,43.8431,43.843,43.8327,43.8446,43.8424,43.8466,43.8624,43.8523,43.8635,43.8741,43.8737,43.874,43.8692,43.8539,43.8485,43.8335,43.8151,43.8192,43.8305,43.8077,43.8089,43.8075,43.8156,43.8242,43.8137,43.8149,43.808,43.8145,43.8066,43.8024,43.7861,43.7789,43.7682,43.7696,43.774,43.7627,43.7678,43.7759,43.7775,43.7648,43.7658,43.7623,43.7645,43.7679,43.7639,43.7567,
96.8549,76.0739,65.5163,59.9539,58.3858,56.6034,53.8754,52.4487,51.0038,50.4921,50.2069,49.3222,49.23,48.9473,49.0083,48.4368,48.3133,47.7817,47.7703,47.669,47.5385,47.2234,46.8745,46.8677,46.8854,46.7745,46.7437,46.7114,46.0947,46.0752,46.0013,46.1019,46.1338,46.1676,46.0707,45.869,45.8831,45.9299,45.9508,45.9586,45.8814,45.7684,45.7075,45.6269,45.6348,45.6757,45.6786,45.6523,45.5627,45.6033,45.6139,45.5353,45.5185,45.4044,45.429,45.472,45.4858,45.4038,45.3946,45.3327,45.3871,45.3289,45.2837,45.1393,45.1747,45.1876,45.055,45.066,44.8195,44.7908,44.7596,44.7294,44.7547,44.7435,44.7806,44.7737,44.8111,44.7863,44.692,44.6084,44.5896,44.5252,44.4859,44.4731,44.4428,44.4759,44.4524,44.4262,44.4343,44.4635,44.5232,44.4797,44.3697,44.3758,44.3889,44.3822,44.3354,44.3478,44.3469,44.3332,44.3399,44.3203,44.3404,44.3499,44.3446,44.3177,44.3227,44.303,44.2873,44.2638,44.1974,44.1905,44.1694,44.1809,44.1925,44.2024,44.2009,44.2084,44.196,44.1218,44.0758,44.0082,44.024,44.0193,44.006,44.0121,43.9407,43.8599,43.8597,43.8558,43.8023,43.801,43.8192,43.8251,43.7999,43.8048,43.7989,43.8051,43.7927,43.8108,43.8153,43.8542,43.8485,43.8832,43.9072,43.9106,43.9197,43.897,43.8645,43.8733,43.8726,43.9095,43.9166,43.9138,43.9066,43.9055,43.9186,43.8454,43.8387,43.825,43.7577,43.7546,43.7657,43.7877,43.7848,43.7817,43.7813,43.7667,43.7643,43.7616,43.7743,43.7719,43.712,43.7703,43.7754,43.7596,43.7636,43.7714,43.7679,43.7776,43.7672,43.7781,43.8027,43.8044,43.7775,43.7887,43.7762,43.777,43.7894,43.8196,43.8321,43.8376,43.8402,43.8398,43.8247,43.805,43.8094,43.8239,43.8257,43.8379,43.84,43.8505,43.8622,43.861,43.8606,43.8545,43.8574,43.8489,43.8459,43.8223,43.8251,43.8289,43.8137,43.7778,43.772,43.7558,43.761,43.784,43.785,43.7774,43.7789,43.7789,43.7809,43.7924,43.786,43.8123,43.8082,43.8156,43.8091,43.8012,43.7784,43.7675,43.7748,43.7768,43.7721,43.7577,43.7433,43.7431,43.7177,43.708,43.7194,43.712,43.6897,43.6904,43.7066,43.7021,43.6798,43.685,43.688,43.7103,43.7069,43.7149,43.7065,43.7083,43.71,43.7117,43.7004,43.707,43.7139,43.7216,43.7161,43.7173,43.7206,43.7185,43.72,43.7455,43.7454,43.7422,43.7471,43.7552,43.7618,43.779,43.7849,43.8026,43.7955,43.8041,43.8172,43.8314,43.8332,43.8245,43.8207,43.8287,43.8217,43.8276,43.8266,43.8132,43.8048,43.8077,43.8068,43.8128,43.8066,43.8014,43.7994,43.7809,43.7868,43.7846,43.7713,43.7716,43.7719,43.7807,43.7862,
96.8549,78.1324,69.8513,66.0038,59.7254,54.9387,53.3907,53.2266,52.6522,51.2056,49.4749,48.6955,48.3019,48.0697,47.8748,47.6204,46.8571,47.0349,46.9151,46.6699,46.5071,46.3923,45.9608,46.0841,46.0072,45.7239,45.7828,45.7283,45.7971,45.7283,45.6949,45.7184,45.6421,45.4161,45.2693,45.3661,45.3505,45.2338,45.2649,45.2597,45.2912,45.3211,45.2467,45.2194,45.2304,45.2834,45.0695,45.0566,45.0077,44.9337,44.9775,44.9632,44.9356,44.9248,44.9079,44.9218,45.089,45.0138,44.8528,44.8824,44.8935,44.8863,44.822,44.798,44.7609,44.7368,44.7727,44.7601,44.7631,44.8067,44.8067,44.8173,44.7822,44.6374,44.6234,44.6211,44.6187,44.5487,44.5395,44.4248,44.4838,44.4799,44.4917,44.4766,44.4413,44.4725,44.4426,44.4189,44.3803,44.3142,44.2555,44.2886,44.2817,44.2815,44.2656,44.2564,44.2073,44.1936,44.1544,44.1894,44.1549,44.0881,44.1068,44.1053,44.1139,44.1102,44.0958,44.0336,44.039,44.0351,44.0168,44.027,44.0315,44.0245,44.0123,43.9935,44.0126,44.0012,43.9956,44.0011,44.0406,44.0412,44.0061,43.9851,43.9844,43.902,43.8972,43.8998,43.8954,43.8963,43.8974,43.8951,43.8913,43.9373,43.9145,43.9339,43.9574,43.9661,43.9483,43.9634,43.9527,43.965,43.9516,43.9497,43.9366,43.9454,43.856,43.8811,43.8781,43.8682,43.8699,43.8542,43.8544,43.8449,43.8546,43.8526,43.8377,43.8341,43.8269,43.8325,43.8733,43.8862,43.8718,43.8513,43.8187,43.8152,43.8008,43.81,43.8077,43.8281,43.8304,43.8306,43.838,43.877,43.844,43.796,43.7845,43.7808,43.7857,43.7738,43.7638,43.7679,43.7798,43.7691,43.7868,43.7825,43.7746,43.7741,43.7668,43.7521,43.7323,43.7231,43.6779,43.6779,43.6713,43.6572,43.6396,43.6416,43.6577,43.6381,43.6504,43.6708,43.6913,43.7091,43.7108,43.7019,43.697,43.6944,43.686,43.6836,43.6898,43.6802,43.675,43.6836,43.7046,43.7217,43.7196,43.735,43.7323,43.7454,43.7303,43.7127,43.7162,43.7364,43.7319,43.7021,43.7025,43.7021,43.7069,43.7196,43.711,43.698,43.7113,43.7207,43.7154,43.6965,43.7001,43.7065,43.71,43.7127,43.7153,43.704,43.7177,43.7164,43.7272,43.7206,43.7545,43.7523,43.7787,43.7608,43.754,43.7828,43.7793,43.772,43.767,43.7863,43.7704,43.7738,43.7763,43.7812,43.7579,43.7451,43.7517,43.7538,43.7577,43.7741,43.778,43.7683,43.7956,43.7949,43.7924,43.8085,43.807,43.7972,43.8025,43.7945,43.8175,43.8038,43.8088,43.7895,43.7794,43.7804,43.7887,43.7849,43.7785,43.7781,43.7713,43.7842,43.7972,43.7842,43.7705,43.7708,43.7907,43.7753,43.7834,43.7664,43.7599,43.7469,43.7759,43.7856,43.8046,
96.8549,74.0915,65.7728,58.6353,56.3393,54.3079,53.5514,52.963,51.5224,50.5383,49.7625,48.7792,48.3001,47.6145,47.3746,47.1914,46.8388,46.7332,46.6969,46.4125,46.2808,46.3052,46.1975,46.3631,46.2739,46.022,45.9845,45.8941,45.7645,45.4848,45.475,45.3466,45.2242,45.2158,45.1389,44.9821,44.9251,44.7766,44.7355,44.7405,44.8618,44.8201,44.8138,44.843,44.8084,44.8352,44.9038,44.9385,44.9028,44.7528,44.7391,44.7436,44.7132,44.7375,44.7162,44.7137,44.6644,44.69,44.6262,44.6184,44.5768,44.6456,44.5947,44.6531,44.634,44.6108,44.5917,44.5677,44.534,44.5276,44.5657,44.5545,44.5582,44.4953,44.5317,44.4525,44.4466,44.4315,44.449,44.4223,44.413,44.3359,44.3483,44.3588,44.3821,44.3886,44.3365,44.3071,44.2775,44.2881,44.3203,44.3204,44.3047,44.2615,44.2639,44.2637,44.2285,44.2258,44.2223,44.2223,44.243,44.2583,44.2888,44.2512,44.2454,44.2796,44.2444,44.2367,44.1823,44.2289,44.2303,44.2087,44.1894,44.2083,44.1888,44.1706,44.1713,44.1595,44.1399,44.1426,44.1503,44.1266,44.1221,44.1044,44.1505,44.1524,44.1459,44.1507,44.1596,44.1528,44.1467,44.1547,44.124,44.0958,44.102,44.1308,44.1065,44.109,44.076,44.0476,44.0437,44.0527,44.072,44.0949,44.1001,44.0875,44.0812,44.0848,44.1128,44.1147,44.1889,44.2051,44.184,44.179,44.1841,44.1855,44.1709,44.1809,44.1851,44.1764,44.1605,44.1837,44.1919,44.1793,44.2045,44.1877,44.1708,44.151,44.1472,44.1404,44.1348,44.1274,44.1047,44.0848,44.0776,44.0747,44.0702,44.0578,44.0488,44.051,44.0488,44.0419,44.0329,44.0371,44.0242,44.0227,44.0037,44.0071,44.008,44.0151,44.0232,44.0172,44.0548,44.0562,44.0247,44.0103,44.0074,44.0086,43.9993,43.9858,43.954,43.9392,43.9666,43.9556,43.9478,43.9452,43.9458,43.9607,43.955,43.9535,43.9473,43.9426,43.9567,43.9413,43.923,43.9324,43.9099,43.9247,43.9311,43.9242,43.9134,43.8975,43.8977,43.8964,43.8859,43.8675,43.8583,43.8689,43.8922,43.892,43.9052,43.9084,43.9022,43.9005,43.8852,43.8933,43.8801,43.8744,43.899,43.9053,43.8998,43.8946,43.8951,43.8764,43.8839,43.8855,43.8929,43.8695,43.862,43.8641,43.8646,43.8711,43.8377,43.8345,43.838,43.8336,43.8285,43.8225,43.8179,43.8204,43.8219,43.8251,43.8354,43.8411,43.8118,43.798,43.7965,43.8081,43.8222,43.8079,43.8144,43.8159,43.8252,43.833,43.8329,43.8133,43.8293,43.828,43.8123,43.8137,43.811,43.804,43.7798,43.769,43.7706,43.7776,43.7782,43.7825,43.7788,43.7747,43.78,43.7804,43.7685,43.7672,43.7581,43.7597,43.76,43.7488,43.7461,43.7484,43.737,
96.8549,72.038,62.4183,58.8502,54.7018,52.5357,52.1579,51.2943,50.4596,49.6967,49.1757,48.6004,48.1473,47.6926,47.5947,47.2321,46.9935,46.8636,46.6252,46.4761,46.4568,46.3002,46.1313,46.111,45.9449,46.0182,45.9597,45.9471,45.94,45.707,45.5305,45.418,45.3373,45.329,45.2637,45.1978,45.1963,45.141,45.1238,45.0632,45.095,44.9956,44.8686,44.895,44.8241,44.8506,44.8243,44.7317,44.7395,44.7525,44.7748,44.7415,44.6015,44.6229,44.607,44.3809,44.406,44.3432,44.2344,44.1894,44.1156,44.1373,44.2147,44.2155,44.2809,44.2951,44.2778,44.2474,44.2086,44.2079,44.2426,44.2203,44.2882,44.2655,44.2804,44.3017,44.3343,44.3183,44.35,44.3124,44.3019,44.2858,44.263,44.2471,44.2241,44.2098,44.1702,44.1703,44.1534,44.1094,44.0787,44.0651,44.0213,44.0119,44.0057,43.9954,43.9512,43.9574,43.9618,43.9723,43.9759,43.9878,43.9609,43.9543,43.9465,43.9499,43.9801,43.9685,43.9585,43.951,43.9365,43.9374,43.9391,43.8989,43.884,43.885,43.8981,43.8864,43.8912,43.8793,43.8937,43.9266,43.9672,43.9611,43.942,43.916,43.9212,43.8992,43.8941,43.9248,43.8682,43.8611,43.869,43.8549,43.8443,43.8346,43.8355,43.8452,43.8256,43.8264,43.8061,43.8408,43.8482,43.8205,43.8083,43.79,43.7977,43.7838,43.7993,43.802,43.7961,43.8126,43.8116,43.8106,43.8364,43.8523,43.8653,43.8593,43.8961,43.9214,43.9393,43.9249,43.9108,43.9186,43.8904,43.8726,43.8839,43.7987,43.8168,43.8193,43.8205,43.801,43.8013,43.7927,43.7803,43.7552,43.7732,43.7823,43.8111,43.7902,43.7813,43.7823,43.7956,43.815,43.8247,43.8285,43.8242,43.822,43.8381,43.832,43.8324,43.8401,43.8318,43.8292,43.8229,43.8048,43.7985,43.7902,43.813,43.8291,43.8202,43.738,43.7403,43.7508,43.7753,43.8127,43.7994,43.7952,43.7739,43.7988,43.8091,43.8159,43.8254,43.8104,43.8078,43.813,43.8111,43.8058,43.8044,43.8157,43.8353,43.8346,43.8298,43.8291,43.8535,43.853,43.8793,43.8468,43.8492,43.8425,43.8497,43.8538,43.8443,43.8347,43.8248,43.7768,43.7825,43.7799,43.7819,43.779,43.766,43.7577,43.7622,43.7608,43.7723,43.7685,43.7581,43.7561,43.7724,43.7667,43.7593,43.7528,43.7584,43.7565,43.7868,43.7882,43.7913,43.7994,43.8077,43.8104,43.8212,43.8252,43.8043,43.7881,43.7702,43.7893,43.7912,43.7823,43.7915,43.7808,43.7816,43.7981,43.7928,43.7952,43.7961,43.7773,43.7805,43.7589,43.773,43.776,43.7745,43.7747,43.7586,43.7597,43.7492,43.7388,43.7398,43.7361,43.7391,43.7497,43.7413,43.7286,43.7251,43.7334,43.7465,43.7517,43.74,43.7487,43.7432,43.739,43.7276,
96.8549,76.3649,63.0896,58.6508,54.241,52.0792,50.8442,50.4076,49.5045,49.0004,48.6027,48.3378,47.7828,47.6309,47.4683,47.3444,47.6,47.7255,47.064,46.9994,46.7442,46.617,46.1454,46.1595,46.1311,46.0844,46.055,45.9439,46.0135,45.9796,45.8672,45.8551,45.7552,45.6553,45.5729,45.5506,45.2857,45.2936,45.2019,45.2851,45.2935,45.29,45.2984,45.2774,45.0803,45.0505,45.0037,44.9462,44.9606,44.9344,44.8651,44.8709,44.8803,44.8491,44.8974,44.8276,44.718,44.6396,44.6475,44.6434,44.5872,44.5577,44.5828,44.5359,44.6397,44.6747,44.7432,44.7394,44.7275,44.7046,44.6744,44.683,44.6288,44.5809,44.5773,44.5677,44.5476,44.5131,44.4458,44.453,44.4734,44.4521,44.4557,44.4575,44.4607,44.4443,44.3817,44.3375,44.3432,44.3213,44.3274,44.3122,44.2943,44.3146,44.3519,44.3501,44.3031,44.2613,44.2598,44.2515,44.2687,44.1782,44.1756,44.1389,44.1605,44.188,44.212,44.2265,44.2358,44.2372,44.2153,44.1336,44.1116,44.1085,44.0956,44.0827,44.0733,44.034,44.0609,44.0596,44.058,44.0676,44.0569,43.9994,43.9725,43.9654,43.9511,43.9708,43.9469,43.9497,43.9935,44.0076,44.0378,44.0103,44.0163,44.0092,43.983,44.0155,44.0139,44.0335,44.0226,44.002,44.023,44.0282,44.0308,44.0574,44.0321,44.0179,44.0326,44.0379,44.0456,44.0674,44.1031,44.0878,44.0631,44.0667,44.0806,44.0822,44.0548,44.042,44.0424,44.0547,44.0566,44.0525,44.014,44.0086,43.9695,43.9467,43.9496,43.9289,43.9292,43.9189,43.8901,43.9181,43.9031,43.9226,43.9601,43.9456,43.9312,43.9242,43.968,43.9741,43.9675,43.9398,43.9122,43.9001,43.9212,43.9283,43.9143,43.8978,43.8995,43.9,43.897,43.8962,43.8842,43.8955,43.8856,43.8505,43.8527,43.8716,43.8731,43.8839,43.8959,43.8864,43.9019,43.9096,43.9177,43.9183,43.9003,43.8923,43.918,43.9122,43.8963,43.8857,43.8947,43.8964,43.887,43.896,43.8986,43.884,43.884,43.8713,43.8909,43.8934,43.8901,43.9064,43.9116,43.899,43.8949,43.895,43.8825,43.8765,43.8702,43.8866,43.8558,43.8535,43.8748,43.87,43.8812,43.8751,43.8687,43.8779,43.8752,43.8798,43.8934,43.9073,43.904,43.8932,43.8735,43.8993,43.8786,43.8753,43.8729,43.8813,43.8789,43.8922,43.8867,43.8796,43.8814,43.8777,43.8864,43.8839,43.8908,43.8942,43.8971,43.9016,43.892,43.9208,43.9349,43.9168,43.9247,43.9281,43.9282,43.9228,43.9243,43.9511,43.9405,43.9251,43.922,43.9177,43.9271,43.9302,43.926,43.9282,43.9036,43.9318,43.931,43.9275,43.9212,43.9228,43.9233,43.94,43.9509,43.9315,43.9152,43.9225,43.9241,43.9237,43.9235,43.9347,43.9374,
96.8549,79.3102,68.3895,63.9549,57.3996,55.5804,54.7007,53.5544,51.5826,51.0699,50.7172,49.5661,49.1744,48.7048,48.5829,48.4241,48.3205,47.2813,47.107,47.0211,46.6224,46.6346,46.7047,46.3903,46.2804,46.1895,46.0006,45.8498,45.8128,45.744,45.7048,45.7052,45.6326,45.6196,45.5975,45.5563,45.5414,45.5483,45.6061,45.5477,45.3183,45.233,45.094,45.2409,45.195,45.1209,45.1155,45.024,45.0125,44.9612,44.9579,45.0275,44.9844,44.9508,44.9203,44.8313,44.7981,44.7984,44.7814,44.7624,44.746,44.7579,44.7522,44.8034,44.707,44.6429,44.674,44.6313,44.6057,44.6198,44.6191,44.6221,44.6165,44.54,44.4851,44.5097,44.5235,44.5271,44.5628,44.5415,44.4946,44.5037,44.5017,44.4505,44.4543,44.4492,44.4237,44.3912,44.4192,44.3253,44.3549,44.3574,44.3668,44.3641,44.3476,44.3521,44.3513,44.3233,44.3215,44.3099,44.3355,44.3208,44.3138,44.3104,44.2928,44.3155,44.2976,44.2532,44.214,44.1905,44.0901,44.123,44.1518,44.1163,44.0873,44.0129,44.0458,44.0442,44.0756,44.0838,44.1028,44.1079,44.0616,44.1183,44.1244,44.1296,44.1165,44.0671,44.0664,44.0619,44.0947,44.0769,44.1164,44.121,44.1104,44.1093,44.0985,44.0841,44.0914,44.061,44.0281,44.0253,43.979,43.9892,43.9717,44.0023,44.0227,44.0148,44.0117,44.015,44.0314,44.0313,43.9994,43.9793,43.9917,43.9307,43.9304,43.9114,43.9329,43.9083,43.8974,43.8858,43.9012,43.9,43.8815,43.8532,43.8511,43.8484,43.8336,43.8378,43.8152,43.8171,43.8126,43.8098,43.7935,43.795,43.8038,43.8143,43.811,43.7974,43.7919,43.7859,43.7824,43.7785,43.799,43.8209,43.827,43.8192,43.8133,43.8063,43.7925,43.8076,43.8062,43.8099,43.7698,43.7843,43.7913,43.7578,43.7372,43.7261,43.74,43.7246,43.7053,43.7193,43.7385,43.7223,43.7147,43.7099,43.7106,43.7169,43.7245,43.7253,43.7641,43.7587,43.7654,43.7567,43.7409,43.7459,43.7477,43.751,43.7488,43.7513,43.7616,43.7523,43.7333,43.7437,43.7393,43.7207,43.7035,43.7137,43.7025,43.7239,43.732,43.7277,43.7152,43.7334,43.7208,43.715,43.7304,43.7591,43.7585,43.7321,43.7222,43.7506,43.758,43.7485,43.7618,43.7616,43.7683,43.7657,43.7596,43.7409,43.74,43.7488,43.7361,43.7569,43.7552,43.7507,43.7484,43.7377,43.7285,43.7196,43.7186,43.7164,43.7297,43.727,43.7413,43.7282,43.7403,43.7326,43.7292,43.7208,43.7227,43.7259,43.7188,43.7365,43.7189,43.7298,43.723,43.7323,43.7369,43.7241,43.7208,43.7567,43.7668,43.7752,43.7732,43.7767,43.7838,43.7753,43.7727,43.7656,43.761,43.7757,43.7861,43.7842,43.7687,43.7566,43.7391,43.7291,43.7093,
96.8549,75.2033,64.0898,60.3142,57.2216,55.3338,53.8642,52.2246,51.1892,50.8879,50.3517,49.7134,48.875,48.3158,47.4356,47.2661,47.2786,47.3569,46.9164,46.6312,46.3711,46.1921,45.9716,46.0506,45.984,45.8327,45.7368,45.5608,45.7299,45.509,45.5497,45.4959,45.5547,45.3716,45.375,45.3078,45.2489,45.2001,45.1741,45.1765,45.0678,45.0289,44.926,44.9605,44.872,44.9113,44.8885,44.8955,44.855,44.8437,44.8232,44.8079,44.8531,44.8566,44.7545,44.7956,44.8189,44.7779,44.8077,44.7416,44.7148,44.6859,44.6302,44.6731,44.6635,44.7021,44.6824,44.7007,44.756,44.6953,44.7061,44.6916,44.6704,44.6597,44.6643,44.673,44.6276,44.6305,44.6444,44.688,44.6707,44.6816,44.6729,44.7359,44.6895,44.736,44.7096,44.6795,44.6378,44.6378,44.5983,44.5435,44.5512,44.5065,44.4713,44.4548,44.3782,44.3306,44.3609,44.3155,44.3022,44.2823,44.2522,44.2348,44.2287,44.2222,44.3168,44.3143,44.2965,44.2825,44.3103,44.2801,44.2731,44.2702,44.3017,44.3041,44.2983,44.2879,44.273,44.2393,44.2226,44.2347,44.2413,44.2466,44.2607,44.2725,44.239,44.2245,44.2264,44.235,44.2259,44.2262,44.294,44.2776,44.2306,44.244,44.2557,44.2591,44.2372,44.1877,44.217,44.2089,44.203,44.2091,44.1993,44.1601,44.1539,44.1604,44.1057,44.1229,44.1002,44.1142,44.0884,44.0935,44.0875,44.1118,44.1413,44.1363,44.1421,44.1128,44.1284,44.1294,44.1243,44.1168,44.1199,44.1459,44.1529,44.1274,44.0961,44.1014,44.0993,44.1047,44.1015,44.1056,44.119,44.112,44.1272,44.125,44.1206,44.1151,44.0929,44.0817,44.0746,44.0685,44.0973,44.0975,44.11,44.1398,44.1429,44.1189,44.1043,44.0854,44.0653,44.0314,44.0257,44.0076,44.0278,44.0099,44.0058,43.992,43.9825,44.0011,43.999,43.9794,43.9632,43.9805,43.9894,43.9907,43.9922,44.0083,43.9719,43.9407,43.9611,43.9257,43.9,43.923,43.9155,43.9215,43.9192,43.9161,43.9253,43.9297,43.9179,43.9384,43.9302,43.9314,43.9335,43.9509,43.9638,43.9723,43.9752,43.9569,43.9465,43.9252,43.9392,43.9447,43.9739,43.9834,43.9701,43.9634,44.0035,43.9879,43.9955,44.0018,43.981,43.9763,43.9566,43.9426,43.9567,43.9628,43.9612,43.9532,43.9352,43.9272,43.9265,43.9147,43.8956,43.9052,43.9093,43.8928,43.8981,43.9,43.921,43.9225,43.9259,43.9241,43.9217,43.9096,43.9085,43.9038,43.9046,43.9002,43.8994,43.8936,43.9115,43.8896,43.8762,43.8803,43.8746,43.8809,43.8785,43.8575,43.8653,43.8769,43.8673,43.8652,43.8609,43.8774,43.8879,43.8869,43.8825,43.8799,43.9009,43.901,43.9015,43.8974,43.8943,43.9075,43.9075,43.9164,43.9029,
96.8549,73.7294,69.5388,61.4017,57.1814,55.3855,52.7712,50.9552,49.7291,49.53,49.1308,48.902,48.3543,47.944,47.7467,47.5607,47.1785,46.8251,46.8077,46.3409,46.1756,46.2205,46.1899,45.9794,45.9188,45.6318,45.6213,45.5978,45.5228,45.2796,45.1761,45.2013,45.26,45.1579,44.8973,44.8689,44.8047,44.7195,44.7024,44.6967,44.6406,44.587,44.7012,44.635,44.5948,44.5793,44.5619,44.5216,44.4504,44.4461,44.4892,44.3937,44.3856,44.3677,44.405,44.4613,44.5124,44.5482,44.4551,44.4157,44.3815,44.4367,44.373,44.3464,44.3523,44.3439,44.3367,44.3598,44.3552,44.4245,44.4099,44.4295,44.4266,44.4613,44.4846,44.4663,44.441,44.5136,44.505,44.4884,44.4181,44.3695,44.4222,44.4305,44.4568,44.5168,44.505,44.4871,44.4901,44.4545,44.4952,44.5314,44.5252,44.5201,44.5129,44.4893,44.4519,44.4168,44.3926,44.4136,44.3854,44.3764,44.3666,44.3485,44.337,44.3379,44.3512,44.3663,44.3545,44.3412,44.3256,44.3061,44.2784,44.2711,44.1874,44.1654,44.1339,44.1499,44.1558,44.1466,44.1134,44.0929,44.108,44.1473,44.1521,44.1098,44.0993,44.0718,44.0662,44.0974,44.0807,44.0804,44.0787,44.0517,44.0471,44.0471,44.0299,44.0089,44.0129,44.0098,44.0386,44.019,44.0193,44.0016,44.0045,44.0096,43.9886,43.973,43.9547,43.9479,43.9376,43.9311,43.9209,43.9326,43.92,43.9179,43.9165,43.9655,43.9545,43.9452,43.9733,43.9284,43.9211,43.9199,43.9,43.8994,43.8881,43.906,43.8974,43.897,43.9114,43.8859,43.8879,43.9004,43.8821,43.9094,43.9087,43.9067,43.8976,43.8968,43.9005,43.908,43.9048,43.8968,43.9149,43.8968,43.8514,43.8511,43.8317,43.815,43.8203,43.8014,43.8003,43.801,43.8027,43.8184,43.8012,43.8066,43.8115,43.8065,43.807,43.7975,43.732,43.7518,43.75,43.7479,43.7409,43.7572,43.7613,43.7631,43.7536,43.7374,43.7349,43.7365,43.7612,43.767,43.7531,43.7546,43.7552,43.7418,43.743,43.711,43.7092,43.7216,43.7256,43.7255,43.7319,43.7214,43.7177,43.7334,43.7099,43.72,43.7369,43.7413,43.7535,43.7665,43.7693,43.7689,43.7745,43.7713,43.7648,43.7521,43.7425,43.7443,43.7452,43.7465,43.7728,43.7722,43.7582,43.7572,43.7533,43.7487,43.7647,43.7649,43.7586,43.7358,43.7374,43.7365,43.7363,43.7462,43.7394,43.7334,43.7265,43.7123,43.7069,43.7506,43.7444,43.7635,43.7534,43.7577,43.7572,43.756,43.7735,43.771,43.7876,43.791,43.7947,43.7999,43.8056,43.8114,43.8051,43.8086,43.8154,43.8174,43.8104,43.7976,43.7986,43.7993,43.8041,43.79,43.7974,43.7848,43.7909,43.8025,43.804,43.7996,43.7914,43.7808,43.7745,43.7758,43.7806,
96.8549,75.8369,66.263,59.9882,57.7498,56.5076,56.0455,53.5017,52.883,52.3297,50.1522,49.9839,49.9978,49.7657,49.4822,48.7928,48.4492,48.4299,48.3426,48.3302,47.6312,47.6545,47.484,47.1737,46.0195,45.8231,45.7084,45.7369,45.6358,45.4612,45.6001,45.5359,45.4276,45.463,45.3591,45.2663,45.2367,45.1347,45.1552,45.2706,45.2781,45.2814,45.2578,45.1787,45.1185,45.123,45.0632,45.0557,44.9215,44.8973,44.9161,44.7706,44.7292,44.7333,44.7866,44.8025,44.8189,44.8363,44.839,44.8829,44.6879,44.5978,44.5795,44.5741,44.4976,44.4508,44.4297,44.4239,44.4114,44.4409,44.4698,44.4587,44.4668,44.3437,44.2727,44.2362,44.1979,44.146,44.1758,44.1725,44.2216,44.1639,44.1373,44.1584,44.1673,44.1797,44.1736,44.1932,44.2177,44.2599,44.2368,44.2349,44.1763,44.2094,44.1856,44.2099,44.2544,44.24,44.1706,44.1863,44.203,44.1204,44.0938,44.0742,44.0531,44.0392,44.0457,44.0477,44.0271,44.0392,44.0536,44.084,44.0743,44.09,44.123,44.1373,44.0992,44.0474,44.0537,44.0357,44.0359,44.0693,44.0534,44.0251,44.0185,44.0138,44.014,44.016,44.0294,44.0377,44.0304,44.0502,44.0571,44.0415,44.0373,44.0289,44.0174,44.0369,44.0335,44.0549,44.0616,44.0743,44.0853,44.0823,44.0555,44.0486,44.0556,44.042,44.0459,44.0562,44.0478,44.0293,44.0435,44.0279,44.0191,44.0418,44.0267,44.0447,44.0561,44.0413,44.0218,44.0189,44.0069,43.9952,43.9969,43.9805,43.9514,43.9532,43.9395,43.9491,43.9315,43.9272,43.9453,43.9492,43.9658,43.9501,43.932,43.9261,43.9191,43.8978,43.9252,43.9048,43.8934,43.7921,43.8117,43.8312,43.8365,43.8248,43.8276,43.8486,43.8493,43.8511,43.8392,43.8373,43.8339,43.8392,43.8372,43.8471,43.8284,43.821,43.8333,43.8405,43.8454,43.8276,43.8149,43.7941,43.7887,43.7751,43.7812,43.7812,43.7509,43.7434,43.7303,43.6953,43.6975,43.7098,43.6923,43.6896,43.6762,43.6764,43.6696,43.6695,43.6702,43.642,43.6534,43.6645,43.6548,43.6437,43.6333,43.6723,43.6754,43.6638,43.6598,43.6651,43.6577,43.6493,43.6276,43.6275,43.6255,43.6248,43.6445,43.639,43.6676,43.6751,43.674,43.668,43.6342,43.6315,43.634,43.6558,43.6449,43.6401,43.641,43.649,43.6501,43.6362,43.6413,43.6525,43.6662,43.6761,43.6781,43.6893,43.6961,43.6826,43.6954,43.6929,43.7082,43.6975,43.6758,43.6824,43.694,43.6894,43.6849,43.6673,43.6568,43.6548,43.6621,43.6665,43.6661,43.6692,43.6615,43.656,43.6744,43.6907,43.688,43.6816,43.6668,43.6653,43.6864,43.6927,43.6961,43.7066,43.7175,43.7254,43.7164,43.7317,43.7218,43.7248,43.7238,43.7194,43.6968,
96.8549,82.2943,72.1677,62.2657,57.3571,53.7683,52.1362,51.2228,50.2444,48.8483,48.3821,47.9924,47.6547,47.4451,47.5439,47.0729,47.2203,47.2234,47.052,46.7304,46.5715,46.4502,46.4013,46.3953,46.3033,45.9959,45.8583,45.8773,45.7812,45.649,45.6126,45.6519,45.6289,45.582,45.4879,45.4012,45.2886,45.1606,45.0276,45.0072,45.0548,44.9083,44.9693,44.9185,44.9687,45.0027,44.9128,44.9307,44.8872,44.8008,44.807,44.7576,44.6958,44.6428,44.6047,44.5556,44.4371,44.5063,44.4995,44.5258,44.5774,44.5316,44.4726,44.4788,44.5,44.499,44.4707,44.452,44.4808,44.4333,44.4221,44.4265,44.4018,44.4319,44.4321,44.3815,44.3777,44.3174,44.3526,44.3707,44.4249,44.4158,44.4549,44.4393,44.4084,44.4056,44.3802,44.3584,44.3359,44.3624,44.4119,44.4154,44.3918,44.3848,44.3935,44.3652,44.3426,44.3252,44.3257,44.307,44.2789,44.2421,44.218,44.1882,44.1743,44.1781,44.181,44.1481,44.1603,44.1741,44.1593,44.1595,44.1058,44.0986,44.0757,44.0615,44.0219,44.0086,43.9797,44.0062,44.0224,44.0242,44.0157,44.0047,43.9965,43.9472,43.9475,44.0013,43.9789,43.9318,43.9342,43.9466,43.9513,43.9622,43.9718,44.0152,44.0352,44.0274,44.0234,44.03,44.0202,44.0066,44.0161,43.9932,43.9634,43.9768,43.9742,43.931,43.931,43.9373,43.9493,43.9498,43.9413,43.9425,43.9482,43.9517,43.9687,43.9802,43.961,43.9472,43.9517,43.9563,43.9541,43.9868,44.0146,44.0238,44.0261,44.0371,44.0299,43.9968,44.0025,43.9941,43.9912,43.9964,43.971,43.9963,44.0143,44.0094,44.0166,44.0175,44.0062,43.9752,43.9646,43.9488,43.9474,43.9281,43.9168,43.9366,43.948,43.9356,43.9399,43.9522,43.9574,43.9401,43.931,43.9082,43.9175,43.921,43.8973,43.904,43.9312,43.9215,43.9282,43.9027,43.9052,43.888,43.8982,43.8827,43.8646,43.8394,43.8401,43.8254,43.8405,43.8363,43.8384,43.8443,43.8273,43.8101,43.8063,43.7889,43.7907,43.793,43.8025,43.8289,43.8371,43.8271,43.8343,43.8302,43.8506,43.8299,43.8195,43.8165,43.8294,43.8273,43.8301,43.8328,43.8105,43.8357,43.8359,43.8235,43.8419,43.8628,43.858,43.8585,43.8686,43.8635,43.859,43.8645,43.8723,43.8549,43.8632,43.8734,43.8703,43.8558,43.8477,43.8553,43.8535,43.854,43.8553,43.8572,43.8628,43.8634,43.8669,43.8604,43.8631,43.8641,43.853,43.8449,43.8502,43.8322,43.814,43.8173,43.8179,43.7946,43.8027,43.7904,43.8023,43.7934,43.7974,43.8078,43.8096,43.825,43.8306,43.8271,43.8403,43.8426,43.8516,43.858,43.8559,43.8615,43.8439,43.8255,43.8343,43.826,43.8341,43.8355,43.8316,43.8511,43.8335,43.8418,43.8343,
96.8549,75.4404,67.3624,63.8221,60.7852,57.9469,55.2787,52.4942,51.5984,50.8747,50.1133,49.7975,49.5094,49.335,49.0352,49.291,48.8049,48.4791,48.3944,48.2327,48.1814,48.2368,48.1193,48.0447,47.9103,47.8137,47.8312,47.1312,47.1651,47.214,46.9039,46.8677,46.8925,46.6027,46.5322,46.0683,46.0041,45.8869,45.5029,45.4731,45.4579,45.5122,45.5892,45.3945,45.3974,45.3829,45.4706,45.5094,45.4079,45.308,45.1576,45.1948,45.1174,45.0271,44.9603,44.9215,44.8893,44.8779,44.836,44.754,44.7477,44.7929,44.7962,44.7893,44.7428,44.7749,44.7357,44.8045,44.6341,44.652,44.6053,44.6117,44.6098,44.6108,44.5964,44.5641,44.5437,44.5043,44.4961,44.5187,44.4294,44.4727,44.4663,44.4225,44.4334,44.3904,44.3924,44.3688,44.3489,44.3609,44.2836,44.2524,44.2537,44.2178,44.194,44.2361,44.2298,44.2108,44.1903,44.1417,44.1425,44.1191,44.1212,44.1253,44.0954,44.0433,44.056,44.0579,44.025,44.0217,43.989,43.9588,43.8828,43.8637,43.878,43.8497,43.8283,43.8406,43.8461,43.8591,43.8508,43.8104,43.8359,43.8364,43.8449,43.8834,43.8728,43.8333,43.8137,43.8202,43.7897,43.7682,43.7182,43.7531,43.7765,43.784,43.7545,43.7362,43.7404,43.7538,43.7579,43.7101,43.7092,43.7373,43.7233,43.7262,43.7393,43.7209,43.7251,43.7204,43.6945,43.7021,43.6891,43.6882,43.6898,43.6586,43.662,43.667,43.6772,43.6753,43.6632,43.6623,43.6977,43.6852,43.6666,43.6722,43.6734,43.6642,43.6694,43.6583,43.6708,43.6343,43.6369,43.6349,43.6502,43.6514,43.6564,43.6535,43.6353,43.6215,43.6295,43.6099,43.6058,43.6203,43.6184,43.6244,43.603,43.6063,43.6159,43.5991,43.5891,43.5974,43.5635,43.5728,43.5761,43.5744,43.5565,43.5633,43.555,43.5428,43.5429,43.5375,43.5375,43.5374,43.5327,43.543,43.5534,43.5474,43.543,43.5512,43.5523,43.5313,43.5122,43.5245,43.5295,43.5716,43.5692,43.5704,43.5447,43.5323,43.5306,43.5185,43.5252,43.5219,43.5167,43.4973,43.4793,43.487,43.4873,43.5057,43.5045,43.523,43.4982,43.4936,43.4959,43.4865,43.4726,43.4807,43.4791,43.47,43.4608,43.4531,43.4571,43.4649,43.4719,43.4672,43.4583,43.4718,43.4729,43.4471,43.4593,43.4738,43.4813,43.4557,43.4744,43.4665,43.4569,43.4553,43.4404,43.4377,43.4259,43.43,43.4187,43.4088,43.4047,43.3952,43.4024,43.4154,43.4152,43.4251,43.4217,43.425,43.4336,43.4372,43.4338,43.4323,43.4131,43.4129,43.4119,43.4082,43.4172,43.4153,43.4151,43.4238,43.4183,43.3969,43.4124,43.4103,43.4286,43.414,43.4063,43.4125,43.4135,43.4387,43.4506,43.4671,43.466,43.4702,43.4704,43.4678,43.4673,
96.8549,78.9999,65.0979,58.8974,56.9461,55.2584,53.9438,52.0608,51.7703,51.1055,50.7767,49.7179,49.0882,48.7574,48.6424,48.2017,47.9751,48.0211,47.9569,47.7797,47.7258,47.2838,47.1546,47.0479,46.9702,46.7546,46.8579,46.7865,46.7569,46.6412,46.5955,46.5565,46.3316,46.3828,46.237,46.1045,46.0617,46.028,45.9814,45.9812,45.8618,45.864,45.7759,45.8418,45.8765,45.7604,45.6375,45.5961,45.5508,45.4445,45.3447,45.3814,45.3119,45.321,45.24,45.2115,45.2131,45.2028,45.165,45.1633,45.1261,45.0757,44.9818,44.9506,44.9366,44.9097,44.9752,45.0056,44.9647,44.9781,44.9223,44.8956,44.9737,44.9545,44.9689,44.9325,44.9576,44.901,44.914,44.9116,44.8904,44.8796,44.9646,44.8712,44.8723,44.8536,44.7774,44.73,44.6814,44.6979,44.745,44.6785,44.6757,44.6725,44.6822,44.6794,44.6592,44.6226,44.5811,44.5627,44.5636,44.5641,44.6081,44.5888,44.6164,44.6087,44.5676,44.5799,44.5865,44.6015,44.5764,44.5651,44.5787,44.5902,44.5957,44.5803,44.5381,44.5542,44.5298,44.4971,44.5598,44.5297,44.5438,44.5544,44.5531,44.4568,44.3977,44.3691,44.3853,44.3785,44.3738,44.3771,44.3709,44.3588,44.3376,44.3361,44.3147,44.356,44.3343,44.3577,44.3738,44.4118,44.407,44.3852,44.3592,44.3362,44.325,44.3349,44.2897,44.2941,44.305,44.3161,44.3091,44.3098,44.2726,44.3108,44.3115,44.3173,44.3229,44.3038,44.3148,44.3187,44.3141,44.3123,44.2922,44.2089,44.1695,44.1528,44.1559,44.169,44.1519,44.1462,44.1454,44.1433,44.1556,44.1475,44.1406,44.1398,44.1222,44.1116,44.0832,44.0863,44.0873,44.0763,44.0551,44.0454,44.0191,43.9952,44.0012,43.9992,43.9991,43.9873,43.9695,43.9696,43.9632,43.9754,43.9749,43.9903,43.9941,43.9892,44.0195,44.0248,44.0336,44.0421,44.03,44.0374,44.0189,43.9974,43.9984,43.9971,43.9853,44.0025,43.9963,43.992,44.003,43.9952,43.9815,43.9739,43.971,43.9684,43.9507,43.9432,43.9353,43.9009,43.9125,43.9144,43.8998,43.889,43.886,43.8878,43.8984,43.8884,43.8785,43.88,43.8734,43.8637,43.8485,43.8575,43.8632,43.8537,43.8499,43.8477,43.8501,43.856,43.8653,43.8504,43.8398,43.8703,43.8526,43.8395,43.8369,43.8123,43.795,43.8007,43.8087,43.8001,43.7905,43.7879,43.7959,43.7826,43.779,43.7455,43.7454,43.7562,43.7587,43.7668,43.7638,43.7729,43.7899,43.7911,43.7959,43.8086,43.8023,43.7696,43.7735,43.7696,43.738,43.7412,43.7454,43.7451,43.7531,43.776,43.7686,43.7646,43.7621,43.7652,43.7618,43.7455,43.7426,43.7464,43.7262,43.7188,43.7436,43.7607,43.7655,43.7643,43.7633,43.7577,43.7741,43.7903,43.7885,
96.8549,75.758,65.0721,60.4446,55.6832,52.9214,51.6329,50.6543,50.3653,49.8384,49.1533,49.2128,48.8683,48.6848,48.7193,48.2078,48.1352,47.9224,47.7016,47.5265,47.4004,47.3237,47.1913,47.199,47.0981,46.8798,46.6656,46.5455,46.493,46.5051,46.4591,46.1543,46.0113,46.0491,45.9931,45.7647,45.6672,45.6094,45.5597,45.4483,45.3245,45.1569,45.1435,45.2057,45.1842,45.0717,44.9753,44.9637,44.876,44.7865,44.7325,44.7193,44.7161,44.59,44.6123,44.5734,44.5981,44.5505,44.5308,44.4947,44.476,44.3963,44.3602,44.3078,44.2744,44.2544,44.2111,44.2217,44.169,44.1444,44.1247,44.0937,44.0566,43.9619,43.9831,43.9571,43.9234,43.9079,43.9732,43.9037,43.86,43.8511,43.8782,43.8978,43.8505,43.8684,43.9026,43.8854,43.8958,43.9012,43.9225,43.9364,43.9344,43.8568,43.8666,43.871,43.8693,43.853,43.8445,43.8427,43.8104,43.8151,43.9108,43.8685,43.8609,43.8556,43.8582,43.8839,43.8825,43.845,43.8569,43.8267,43.8264,43.8547,43.8329,43.8137,43.7846,43.7528,43.6947,43.6741,43.674,43.6852,43.6758,43.6404,43.6046,43.5887,43.6051,43.6141,43.6184,43.6331,43.6618,43.6536,43.6692,43.6794,43.6625,43.6629,43.6574,43.6746,43.6534,43.662,43.6805,43.6963,43.693,43.6758,43.6664,43.6519,43.6317,43.6189,43.6158,43.5727,43.5667,43.5886,43.5849,43.5751,43.5499,43.5216,43.5122,43.5144,43.5022,43.5235,43.5483,43.5364,43.5529,43.5817,43.5542,43.5468,43.5502,43.5449,43.5504,43.5436,43.5451,43.5584,43.5633,43.5578,43.5586,43.5419,43.5262,43.5401,43.5233,43.5178,43.5112,43.5222,43.5114,43.5261,43.5282,43.5175,43.5252,43.5264,43.51,43.539,43.5393,43.5494,43.5388,43.5046,43.5163,43.4985,43.4881,43.4991,43.4792,43.4778,43.4838,43.5011,43.4978,43.5008,43.5113,43.5109,43.5127,43.4977,43.4727,43.4511,43.4568,43.4717,43.4904,43.4882,43.4871,43.4865,43.5033,43.5079,43.5054,43.4903,43.4919,43.5092,43.5066,43.4815,43.4748,43.4812,43.4783,43.486,43.4918,43.4917,43.4937,43.4945,43.4997,43.4895,43.5034,43.4983,43.502,43.4963,43.4913,43.4894,43.5015,43.5304,43.5134,43.4936,43.5083,43.4985,43.4884,43.4789,43.4731,43.4672,43.4685,43.4824,43.4727,43.4727,43.4712,43.4639,43.4489,43.4679,43.4686,43.4714,43.4723,43.4645,43.4719,43.455,43.4477,43.4556,43.4611,43.4626,43.4677,43.4685,43.4692,43.4499,43.4541,43.4615,43.4656,43.4725,43.4828,43.4878,43.5027,43.4919,43.4951,43.4855,43.496,43.4805,43.4778,43.4753,43.4736,43.4677,43.4772,43.4675,43.4708,43.4752,43.4905,43.4848,43.488,43.4809,43.498,43.4813,43.4954,43.4991,43.4926,
